size,n_time,mean_time,median_time,std_time,ci95_low_time,ci95_high_time,throughput_Bps,n_power,mean_power,median_power,std_power,ci95_low_power,ci95_high_power,n_mem,mean_mem,median_mem,std_mem,ci95_low_mem,ci95_high_mem,energy_uJ,energy_per_byte_uJ,total_duty_cycle_energy_uJ,total_duty_cycle_energy_per_byte_uJ
16,540.0,1370.8537037037038,1370.0,2.1037304936630323,1370.6758685510536,1371.031538856354,11671.559085241555,540.0,20.33361971876307,20.099044309296232,14.29919968252335,19.12486205423443,21.54237738329171,540.0,2770.990740740741,2716.0,249.21032594183683,2749.924184692149,2792.057296789332,27.87441790116902,1.7421511188230638,1017.8744179011691,63.61715111882307
32,526.0,1389.8498098859316,1389.0,2.108998851176545,1389.669161566969,1390.030458204894,23024.07049480139,526.0,19.114441731937507,20.099044309296232,12.931938486164928,18.006744140186694,20.22213932368832,526.0,2781.98288973384,2716.0,216.0050653991932,2763.480768725096,2800.485010742585,26.56620320720906,0.8301938502252831,1016.566203207209,31.76769385022528
48,527.0,1409.0379506641366,1408.0,1.9738022727745592,1408.8690439618758,1409.2068573663971,34065.796437474,527.0,20.40326619703681,20.566463944396105,13.86027070239857,19.217183553869045,21.589348840204583,527.0,2755.104364326376,2716.0,251.9146200191556,2733.5469528745766,2776.6617757781746,28.74897638912761,0.5989370081068252,1018.7489763891276,21.223937008106827
64,534.0,1428.2846441947563,1428.0,2.132010159818748,1428.1034042030842,1428.4658841864289,44808.99536386331,534.0,19.823319243647443,20.099044309296232,13.756586172122136,18.653885996909302,20.992752490385584,534.0,2759.9194756554307,2716.0,253.28579745461423,2738.387910428132,2781.4510408827296,28.31334247267206,0.4423959761355009,1018.313342472672,15.9111459761355
80,525.0,1447.2419047619048,1447.0,1.9645124947572703,1447.0734716346433,1447.4103378891664,55277.55915356895,525.0,20.18540565140044,20.099044309296232,14.068676625879696,18.97918720949519,21.39162409330568,525.0,2780.405714285714,2716.0,224.15812210968988,2761.18687316926,2799.6245554021684,29.21316492332448,0.365164561541556,1019.2131649233245,12.740164561541556
96,523.0,1466.472275334608,1466.0,2.023022658054892,1466.2984928015862,1466.6460578676297,65463.22192016585,523.0,19.60213165706767,20.099044309296342,13.281157531852488,18.46124814389697,20.74301517023837,523.0,2773.774378585086,2716.0,231.56494656226604,2753.882390320695,2793.666366849477,28.745982612548577,0.2994373188807143,1018.7459826125486,10.611937318880715
112,523.0,1485.5391969407265,1485.0,2.19889665066304,1485.3503064069089,1485.728087474544,75393.5003739042,523.0,19.71474135883172,20.099044309296232,13.725231425098238,18.53571082555237,20.89377189211105,523.0,2766.7418738049714,2716.0,247.4385799905635,2745.486302085672,2787.997445524271,29.287021046092992,0.261491259340116,1019.287021046093,9.10077697362583
128,531.0,1504.6101694915253,1504.0,2.1484110340478195,1504.4270177298058,1504.7933212532448,85071.86950840356,531.0,19.73637596718484,20.099044309296232,13.650573077316825,18.572666384628253,20.90008554974143,531.0,2764.035781544256,2716.0,270.7640632775118,2740.953180303757,2787.118382784756,29.69555198913445,0.2319964999151129,1019.6955519891344,7.9663714999151125
144,531.0,1523.9265536723165,1523.0,2.0568044426999066,1523.7512113606158,1524.1018959840171,94492.74287726842,531.0,19.87897856772381,20.099044309296232,13.869419239233247,18.69661237827713,21.06134475717048,531.0,2767.832391713748,2716.0,259.6057173065169,2745.7010380185625,2789.963745408933,30.294103299237182,0.2103757173558137,1020.2941032992372,7.085375717355814
160,527.0,1543.136622390892,1542.0,2.134348453959603,1542.9539770652652,1543.3192677165189,103684.9217874828,527.0,20.531873117510223,21.03388357949609,14.014650059510537,19.3325795724874,21.731166662533045,527.0,2763.956356736243,2716.0,226.2605668234059,2744.594272336542,2783.318441135944,31.68348533391308,0.1980217833369567,1021.683485333913,6.385521783336957
176,528.0,1562.2594696969695,1562.0,2.1051363279445314,1562.079495638681,1562.4394437552585,112657.34240301234,528.0,19.86267869836506,20.099044309296232,14.06253309671367,18.660432973164845,21.06492442356528,528.0,2771.587121212121,2716.0,226.9298096450725,2752.1862499971016,2790.9879924271404,31.030657890069097,0.1763105561935744,1021.030657890069,5.801310556193574
192,535.0,1581.3364485981308,1581.0,2.104676108390387,1581.157700297622,1581.5151968986395,121416.28694526693,535.0,19.915571181500034,20.099044309296232,13.92619997402649,18.73283120171019,21.09831116128988,535.0,2782.164485981308,2716.0,214.95188698326425,2763.9088102807914,2800.420161681825,31.493218603956542,0.1640271802289403,1021.4932186039565,5.32027718022894
208,538.0,1600.704460966543,1600.0,2.1131887409548,1600.525493050856,1600.8834288822295,129942.78773634753,538.0,20.54474370112945,20.56646394439616,14.127458284143366,19.348276147586503,21.7412112546724,538.0,2795.708178438662,2716.0,186.17756078957177,2779.9406280270982,2811.4757288502256,32.88606289181219,0.1581060715952509,1022.8860628918122,4.917721456210636
224,534.0,1619.741573033708,1619.0,2.10971890156584,1619.562227998981,1619.920918068435,138293.66593366952,534.0,20.74415343114764,21.03388357949609,14.642348135350012,19.499422470606504,21.98888439168877,534.0,2759.2546816479403,2716.0,251.24055941042403,2737.896980003978,2780.6123832919025,33.60016770981967,0.1500007487045521,1023.6001677098196,4.569643605847409
240,537.0,1638.7541899441342,1638.0,2.2030986796356,1638.5674330393597,1638.9409468489089,146452.71479561052,537.0,19.647292371462267,20.099044309296232,13.952554061153531,18.46453290896188,20.830051833962653,537.0,2786.048417132216,2716.0,202.254470372687,2768.9032845910474,2803.1935496733845,32.19708269479121,0.1341545112282967,1022.1970826947912,4.259154511228297
256,519.0,1658.042389210019,1657.0,2.0264026732535334,1657.86764367612,1658.217134743919,154398.947617963,519.0,19.773921981220987,21.03388357949609,13.646990374327236,18.59708252549064,20.95076143695133,519.0,2788.221579961464,2716.0,185.75867351047563,2772.2027999788456,2804.2403599440827,32.78600084579617,0.1280703158038912,1022.7860008457961,3.995257815803891
272,536.0,1677.1473880597016,1676.0,2.107998272394432,1676.9685254541298,1677.3262506652734,162180.14107554246,536.0,19.68307571611966,20.099044309296232,13.817351931558417,18.510680273037494,20.855471159201823,536.0,2787.169776119403,2716.0,188.02353973910965,2771.216072235026,2803.1234800037805,33.011419026271426,0.1213655111259978,1023.0114190262714,3.761071393478939
288,533.0,1696.3658536585365,1696.0,2.1060504212957865,1696.1866518410664,1696.5450554760066,169774.69770384324,533.0,20.57874138321681,21.03388357949609,13.899566012887268,19.39604059582341,21.76144217061021,533.0,2770.838649155722,2716.0,211.93304785736376,2752.805468670577,2788.8718296408674,34.90907419375883,0.1212120631727737,1024.909074193759,3.558712063172774
304,527.0,1715.4478178368122,1715.0,2.0793731645926403,1715.2698769818212,1715.6257586918032,177213.20161364364,527.0,20.2480509481896,21.03388357949609,13.809482239651729,19.066314490996884,21.42978740538231,527.0,2775.696394686907,2716.0,226.80394467816865,2756.2878111201944,2795.10497825362,34.73447481452044,0.1142581408372382,1024.7344748145204,3.370837088205659
320,529.0,1734.5066162570888,1734.0,2.0422742647691168,1734.3321823210383,1734.6810501931393,184490.50410112104,529.0,20.69105027435664,21.03388357949609,14.471655209802936,19.455002882015904,21.92709766669737,529.0,2790.833648393195,2716.0,177.13914108698629,2775.7039088956885,2805.963387890701,35.888763598179644,0.1121523862443113,1025.8887635981796,3.2059023862443112
336,520.0,1753.7576923076922,1753.0,2.085581860548883,1753.5780173200806,1753.9373672953038,191588.610829055,520.0,20.571857247878096,20.566463944396105,14.26917010673343,19.342553804722453,21.80116069103374,520.0,2783.151923076923,2716.0,218.33926949854404,2764.3417740799614,2801.962072073885,36.07805289352196,0.1073751574211963,1026.078052893522,3.053803728849768
352,526.0,1772.6596958174905,1772.0,2.063785496112284,1772.482920291812,1772.836471343169,198571.6721774224,526.0,21.05432208065065,21.03388357949609,14.158829147974688,19.84153399277025,22.26711016853104,526.0,2787.0456273764257,2716.0,182.52490974133323,2771.411281205408,2802.679973547444,37.32214817512965,0.1060288300429819,1027.3221481751295,2.9185288300429817
368,531.0,1791.954802259887,1791.0,2.012655832118577,1791.7832236115064,1792.1263809082675,205362.32249602745,531.0,21.14479671324861,21.501303214595964,14.521497584672494,19.906840929514043,22.382752496983176,531.0,2784.621468926553,2716.0,184.520372221147,2768.8911311513966,2800.3518067017103,37.89052001311492,0.1029633696008557,1027.8905200131148,2.7931807609052033
384,526.0,1811.182509505704,1810.0,2.1275870918114737,1811.0002689931648,1811.364750018242,212016.18168496937,526.0,21.35823370651409,21.03388357949609,14.82257247463494,20.08859204751064,22.627875365517543,526.0,2780.4543726235743,2716.0,213.2410235031085,2762.189008273939,2798.7197369732094,38.68365932317349,0.1007386961540976,1028.6836593231735,2.6788636961540977
400,530.0,1830.4415094339624,1830.0,2.0562444856093647,1830.266048805082,1830.6169700628425,218526.5128322479,530.0,19.934124551251585,20.56646394439616,14.092381355924228,18.73161283027928,21.13663627222388,530.0,2776.6245283018866,2716.0,224.7521898563843,2757.4462832778204,2795.802773325953,36.48824903283755,0.0912206225820938,1026.4882490328375,2.566220622582094
416,526.0,1849.6558935361213,1849.0,2.0906671207048326,1849.4768154391115,1849.834971633132,224906.6982965693,526.0,20.218120794283696,21.03388357949609,14.031250158707048,19.016260607067306,21.41998098150009,526.0,2784.2490494296576,2716.0,199.0610740189324,2767.198282250553,2801.2998166087623,37.39656628337205,0.0898955920273366,1027.396566283372,2.469703284335029
432,522.0,1868.712643678161,1868.0,2.109705454568654,1868.5312405666489,1868.8940467896728,231175.18975507145,522.0,20.433043397212487,20.332754126846226,14.294373141287888,19.2039411264046,21.66214566802037,522.0,2776.009578544061,2716.0,217.7700761126513,2757.284609465777,2794.734547622345,38.183486545195535,0.0883877003361007,1028.1834865451956,2.3800543670027676
448,524.0,1887.7442748091603,1887.0,2.1160105435276617,1887.5626787269505,1887.9258708913703,237320.2800709276,524.0,20.43176859153341,20.09904430929629,14.55402090179912,19.182742123184607,21.68079505988221,524.0,2779.9312977099235,2716.0,231.20235037673743,2760.089505732745,2799.7730896871017,38.569954182892815,0.0860936477296714,1028.5699541828928,2.2959150763011
464,537.0,1906.8957169459964,1906.0,2.1152256102878297,1906.7164090504723,1907.0750248415204,243327.41212672228,537.0,20.689194239645875,20.099044309296232,14.492596166743676,19.460655351548155,21.917733127743595,537.0,2765.897579143389,2716.0,253.2590532883015,2744.428782790568,2787.36637549621,39.4521358826445,0.0850261549194924,1029.4521358826446,2.218646844574665
480,527.0,1926.111954459203,1925.0,1.9724310369796767,1925.9431650994536,1926.280743818952,249206.69792258792,527.0,19.875534350956265,20.099044309296232,13.685895481254898,18.704373741249302,21.046694960663224,527.0,2782.506641366224,2716.0,226.4587176756985,2763.127600350618,2801.885682381829,38.28250431464139,0.0797552173221695,1028.2825043146413,2.142255217322169
496,533.0,1945.251407129456,1944.0,2.1258839137547247,1945.0705176990684,1945.4322965598435,254979.89523725936,533.0,20.78219608367306,21.03388357949609,14.47665990160671,19.550390928851527,22.0140012384946,533.0,2776.6191369606004,2716.0,209.22340150745927,2758.816517693598,2794.4217562276026,40.42659617500529,0.0815052342238009,1030.4265961750052,2.0774729761592847
512,526.0,1964.2110266159696,1964.0,2.0607793466261053,1964.034508584908,1964.387544647031,260664.45665061584,526.0,20.704201669568203,20.800173761946155,14.396543913057414,19.471051895534767,21.93735144360164,526.0,2763.709125475285,2716.0,237.55268286343284,2743.36132263016,2784.05692832041,40.66742121664663,0.0794285570637629,1030.6674212166467,2.013022307063763
528,529.0,1983.5482041587904,1983.0,2.10294742381524,1983.3685880304515,1983.727820287129,266189.648879202,529.0,19.87726297014678,20.099044309296232,13.69952167311936,18.707164747456662,21.0473611928369,529.0,2794.3780718336484,2716.0,172.2293792118504,2779.6676830099104,2809.0884606573863,39.42750926802667,0.0746733130076262,1029.4275092680266,1.949673313007626
544,526.0,2002.6425855513307,2002.0,1.987966696880288,2002.4723043576048,2002.812866745057,271641.0825999867,526.0,20.295431646477027,20.099044309296232,13.959473663027204,19.099719543826144,21.49114374912791,526.0,2778.9410646387832,2716.0,203.3348033030572,2761.5242270796743,2796.357902197892,40.644495707381054,0.074714146520921,1030.644495707381,1.8945670876973917
560,530.0,2021.8150943396224,2021.0,2.1642739542667044,2021.6304154885704,2021.999773190675,276978.84023509605,530.0,19.799190203760467,19.164205039096487,14.21872769731198,18.585897270402302,21.01248313711863,530.0,2767.1943396226416,2716.0,221.2660041225853,2748.313573009108,2786.075106236175,40.0303016096641,0.0714826814458287,1030.030301609664,1.8393398243029715
576,429.0,2040.927738927739,2040.0,2.0004438215265865,2040.7379042068333,2041.1175736486448,282224.5927739796,429.0,52.624477752192746,50.481320590790574,11.196530339911982,51.56196842835362,53.68698707603187,429.0,2780.967365967366,2716.0,197.7201809643341,2762.2044519745464,2799.7302799601853,107.40275639103584,0.1864631187344372,1097.4027563910358,1.9052131187344372
592,428.0,2060.1495327102803,2059.0,1.99203913657442,2059.96027359709,2060.3387918234707,287357.78185051447,428.0,51.42708088050209,50.01390095569059,10.188750911039444,50.4590708015145,52.39509095948968,428.0,2770.8831775700933,2716.0,227.84618336953127,2749.236029270336,2792.530325869851,105.94747664462017,0.1789653321699665,1095.94747664462,1.8512626294672636
608,427.0,2079.28337236534,2078.0,2.015615065783379,2079.0916479708712,2079.4750967598084,292408.43652222096,427.0,52.93116870168895,50.94874022589045,10.805329999429553,51.90337059363642,53.95896680974148,427.0,2781.311475409836,2716.0,186.25986172190488,2763.5945215089364,2799.028429310736,110.05889896128652,0.1810179259231686,1100.0588989612866,1.8093073996073792
624,428.0,2098.4369158878503,2098.0,1.993723599575284,2098.2474967376565,2098.626335038044,297364.1929740762,428.0,52.27782830046197,49.54648132059083,11.194934368677258,51.21422301684055,53.34143358408339,428.0,2782.504672897196,2716.0,203.4275097781841,2763.177487305166,2801.8318584892263,109.701724788136,0.1758040461348333,1099.701724788136,1.762342507673295
640,421.0,2117.769596199525,2117.0,2.093442614311196,2117.569046781816,2117.9701456172347,302204.73518390366,421.0,50.93985814256318,49.07906168549073,10.369420505079892,49.94647947048285,51.93323681464352,421.0,2772.365795724465,2716.0,235.9261873444765,2749.7643357317475,2794.9672557171834,107.87888280903712,0.1685607543891205,1097.8788828090371,1.7154357543891205
656,415.0,2136.742168674699,2136.0,1.9850966757465072,2136.550620862493,2136.933716486905,307009.4322174958,415.0,51.072634587001325,49.54648132059072,10.391887843552524,50.069890788454096,52.07537838554856,415.0,2783.513253012048,2716.0,206.85633931254915,2763.5530769055927,2803.473429118504,109.12905198735965,0.1663552621758531,1099.1290519873596,1.6755016036392678
672,443.0,2155.990970654628,2155.0,2.0885184310159826,2155.795952349416,2156.1859889598395,311689.6170469393,443.0,49.78071869980561,49.54648132059072,15.408026763977023,48.34197283022351,51.21946456938771,443.0,2779.5643340857787,2716.0,196.14800093953525,2761.24874244634,2797.879925725217,107.32678002947888,0.1597124702819626,1097.3267800294789,1.6329267559962484
688,422.0,2175.0284360189576,2174.0,1.984296286452396,2174.83856936106,2175.218302676856,316317.703532775,422.0,51.52913806663067,49.0790616854909,11.16979469073094,50.46036038367477,52.597915749586576,422.0,2763.6848341232226,2716.0,251.56856652796824,2739.613588672183,2787.756079574262,112.07734057846864,0.1629031113059137,1102.0773405784687,1.6018565996780068
704,417.0,2193.997601918465,2193.0,1.90078273472054,2193.814632751098,2194.180571085832,320875.46466979344,417.0,52.03153966835215,50.481320590790574,11.005479618494045,50.97215323481168,53.09092610189263,417.0,2776.199040767386,2716.0,230.9087007368946,2753.9717909403043,2798.426290594468,114.15707325649012,0.1621549336029689,1104.15707325649,1.5684049336029688
720,426.0,2213.4953051643192,2213.0,2.082131605903594,2213.29702009892,2213.6935902297187,325277.4010047203,426.0,50.85437851551821,48.61164205039108,10.090779829342464,49.89341575374059,51.81534127729584,426.0,2765.154929577465,2716.0,237.59179909915133,2742.528643472785,2787.7812156821446,112.56592809114878,0.1563415667932622,1102.5659280911489,1.5313415667932624
736,421.0,2232.270783847981,2231.0,1.9815401906034071,2232.080954554989,2232.460613140973,329709.1039875035,421.0,50.36696376795141,48.611642050390856,10.648695516166091,49.34683086794464,51.38709666795818,421.0,2768.8598574821854,2716.0,231.70845151566908,2746.662451777241,2791.0572631871296,112.43270169032776,0.1527618229488148,1102.4327016903278,1.4978705186009889
752,412.0,2251.7888349514565,2251.0,2.1379599166719903,2251.581782762127,2251.9958871407857,333956.7140256344,412.0,51.18585358447274,49.54648132059083,11.139012220516042,50.10708833296502,52.26461883598046,412.0,2763.2985436893205,2716.0,267.1238459921365,2737.428752257126,2789.168335121515,115.2597336089757,0.1532709223523612,1105.2597336089757,1.469760284054489
768,431.0,2270.7447795823664,2270.0,1.9859540230165549,2270.556760139501,2270.932799025232,338215.0239452493,431.0,50.07029497199043,49.54648132059072,13.09224707423669,48.830791452662055,51.3097984913188,431.0,2763.935034802784,2716.0,293.50912263851984,2736.1471700915126,2791.722899514056,113.69686091979646,0.1480427876559849,1103.6968609197966,1.437105287655985
784,424.0,2289.8938679245284,2289.0,2.00956580975696,2289.7020400138163,2290.0856958352406,342373.9462259827,424.0,51.69065865613163,49.54648132059083,11.337621914409926,50.60839883974389,52.77291847251937,424.0,2759.462264150944,2716.0,237.95975480811177,2736.7472466198883,2782.177281681999,118.36612228565576,0.1509771967929282,1108.3661222856558,1.4137322988337446
800,416.0,2309.012019230769,2308.0,2.0280799298940178,2308.816560571236,2309.2074778903025,346468.52997608663,416.0,52.17234595335157,50.481320590790574,11.21558905318341,51.09142997469589,53.253261932007256,416.0,2774.487980769231,2716.0,223.4674496655145,2752.9510346572183,2796.024926881244,120.46657387775456,0.1505832173471931,1110.4665738777546,1.3880832173471933
816,419.0,2328.1479713603817,2327.0,1.9969029703172911,2327.956211656955,2328.3397310638084,350493.1860165209,419.0,51.72851665771587,49.54648132059072,10.912377808119029,50.68061680315584,52.77641651227591,419.0,2770.6992840095463,2716.0,222.94426165145828,2749.2902690847022,2792.1082989343904,120.43164111814292,0.1475877954879202,1110.431641118143,1.3608230896055675
832,420.0,2347.4904761904763,2347.0,2.0938379332224364,2347.2896488641354,2347.691303516817,354421.03320060123,420.0,50.48465930246987,49.54648132059066,11.780683846180803,49.35473267264003,51.61458593229971,420.0,2762.6833333333334,2716.0,215.7170032640348,2741.9931603622504,2783.3735063044164,118.51225690626896,0.1424426164738809,1108.512256906269,1.332346462627727
848,428.0,2366.420560747664,2366.0,1.951579595270402,2366.235145603583,2366.605975891744,358347.1231048116,428.0,52.15005237217532,50.481320590790574,11.125668519636962,51.09302787952485,53.20707686482579,428.0,2780.4018691588785,2716.0,207.88797919421307,2760.6509045001667,2800.1528338175904,123.40895617758312,0.145529429454697,1113.4089561775831,1.3129822596433764
864,422.0,2385.599526066351,2385.0,1.9924560246107736,2385.4088786469188,2385.790173485783,362173.11018025817,422.0,51.997665331197645,49.54648132059083,11.28931479656419,50.91745141102199,53.0778792513733,422.0,2778.395734597156,2716.0,194.79221472540965,2759.757113415978,2797.0343557783344,124.04560577066182,0.143571302975303,1114.0456057706617,1.2894046363086362
880,422.0,2404.585308056872,2404.0,1.9128450102247128,2404.402278187973,2404.768337925772,365967.4693392856,422.0,51.99212718386234,50.01390095569059,10.672072770872768,50.97097383913208,53.0132805285926,422.0,2782.234597156398,2716.0,204.133705047784,2762.702138921045,2801.7670553917515,125.01950516093972,0.1420676195010678,1115.0195051609396,1.2670676195010677
896,421.0,2424.0071258907365,2423.0,2.0017722043038044,2423.81535839388,2424.1988933875937,369635.8770689471,421.0,51.15857944449829,49.54648132059072,10.591051148726752,50.143968809226735,52.17319007976985,421.0,2754.8954869358668,2716.0,315.7213637484844,2724.6497399421737,2785.14123392956,124.00876112391124,0.1384026351829366,1114.0087611239112,1.2433133494686508
912,413.0,2442.953995157385,2442.0,2.0230023755860933,2442.7583148462545,2443.149675468516,373318.5323210498,413.0,51.49425176128555,49.07906168549084,10.839943677906064,50.44572923994216,52.54277428262893,413.0,2765.1525423728813,2716.0,245.48722798046003,2741.40713419661,2788.8979505491525,125.79808806787274,0.1379365000744218,1115.7980880678726,1.2234628158638954
928,416.0,2462.21875,2462.0,1.978860418073207,2462.02803493053,2462.40946506947,376895.8383571728,416.0,51.83414088083936,50.481320590790574,11.76054039311315,50.70070455678527,52.96757720489346,416.0,2769.516826923077,2716.0,241.1062650398649,2746.2799186162765,2792.7537352298777,127.6269935669442,0.137529087895414,1117.6269935669443,1.2043394327230004
944,408.0,2481.419117647059,2481.0,2.038529895180669,2481.220723669178,2481.61751162494,380427.4712347358,408.0,52.144784586293206,50.24761077324058,10.613904858243956,51.11181724514327,53.17775192744314,408.0,2753.850490196078,2716.0,280.5982196741098,2726.542086665116,2781.158893727041,129.39306535801566,0.1370689251673894,1119.3930653580157,1.1857977387267116
960,419.0,2500.587112171838,2500.0,1.9744603803590168,2500.3975075978583,2500.7767167458173,383909.8407438444,419.0,52.14127385338884,49.54648132059083,10.940475990328531,51.09067577103936,53.19187193573832,419.0,2736.1026252983293,2716.0,304.30831675097056,2706.880337867308,2765.3249127293507,130.38379741000657,0.1358164556354235,1120.3837974100065,1.1670664556354235
976,432.0,2519.6550925925926,2519.0,1.9622946912846304,2519.469529450312,2519.840655734873,387354.6037587817,432.0,50.64361907520027,49.54648132059083,11.054518372918633,49.59825561639306,51.68898253400748,432.0,2750.488425925926,2716.0,276.67353651082203,2724.32496992264,2776.6518819292123,127.60445271014773,0.130742267121053,1117.6044527101478,1.145086529416135
992,425.0,2538.7482352941174,2538.0,1.9316512002948265,2538.5640632127547,2538.93240737548,390743.74772931176,425.0,52.67544334849487,51.41615986099032,11.365881579488732,51.591770443834406,53.75911625315534,425.0,2769.176470588235,2716.0,254.54482018457355,2744.907053145642,2793.4458880308284,133.72968884432663,0.1348081540769421,1123.7296888443266,1.1327920250446841
1008,418.0,2558.0,2557.0,2.0810899192006485,2557.799915647293,2558.200084352707,394057.8577013292,418.0,51.07733653698257,49.07906168549084,10.313131110787712,50.08579064382059,52.06888243014456,418.0,2776.6004784688994,2716.0,210.8581659288045,2756.32772655482,2796.873230382979,130.6558268616014,0.1296188758547633,1120.6558268616013,1.1117617329976204
1024,415.0,2577.043373493976,2576.0,2.0223505224188063,2576.8482309486203,2577.238516039332,397354.5849217325,415.0,52.61793516376536,50.481320590790574,10.867476845825088,51.56930038468931,53.666569942841406,415.0,2772.624096385542,2716.0,230.29411649951064,2750.4023402774765,2794.845852493608,135.5987011407172,0.1324206065827316,1125.5987011407171,1.0992174815827316
1040,424.0,2596.438679245283,2596.0,2.017890233337756,2596.246056706808,2596.631301783758,400548.6470037879,424.0,52.29257167680274,50.24761077324064,10.763504690080904,51.26511559319759,53.320027760407896,424.0,2756.127358490566,2716.0,241.7618698396676,2733.049400975536,2779.205316005597,135.774455738857,0.1305523612873625,1125.774455738857,1.0824754382104393
1056,424.0,2615.5707547169814,2615.0,2.0593311581983684,2615.3741763359085,2615.767333098054,403735.9716213316,424.0,51.73806206252147,49.54648132059077,10.710168151425178,50.715697345780384,52.76042677926256,424.0,2769.2028301886794,2716.0,239.2107420113611,2746.368396682112,2792.0372636952466,135.3245620364633,0.1281482595042266,1125.3245620364632,1.0656482595042265
1072,427.0,2634.7096018735365,2634.0,2.0163595189518766,2634.5178066670187,2634.9013970800543,406875.9605376255,427.0,51.31216720212743,49.54648132059083,11.550139834835711,50.21352311901169,52.41081128524318,427.0,2758.864168618267,2716.0,252.55160827018867,2734.8415737341284,2782.8867635024053,135.19265962038548,0.1261125556160312,1125.1926596203855,1.0496200183025983
1088,417.0,2653.8705035971225,2653.0,2.0621399419076942,2653.67200220016,2654.0690049940854,409967.2529331396,417.0,51.84098490104524,49.54648132059072,10.40782392805742,50.83912874808544,52.84284105400504,417.0,2775.834532374101,2716.0,237.57459143804977,2752.9656245347323,2798.703440213469,137.57926070630776,0.126451526384474,1127.5792607063077,1.0363779969727092
1104,423.0,2672.9125295508275,2672.0,1.998674675440679,2672.7215145957016,2673.1035445059533,413032.595640353,423.0,51.94877514259362,50.48132059079046,12.305545501587636,50.772724207107984,53.12482607807925,423.0,2777.0874704491725,2716.0,232.68337702157496,2754.8497319285298,2799.325208969816,138.85453197345706,0.1257740325846531,1128.8545319734571,1.0225131630194357
1120,417.0,2692.0383693045565,2691.0,1.9595587287354304,2691.849742365531,2692.226996243582,416041.6184147232,417.0,52.08534336735648,51.41615986099032,11.132451237391445,51.01373465771651,53.15695207699645,417.0,2762.702637889688,2716.0,268.52110613532824,2736.85482145459,2788.550454324786,140.21574282332622,0.125192627520827,1130.2157428233263,1.0091211989493984
1136,402.0,2711.375621890548,2711.0,2.0372351162840423,2711.175870877843,2711.575372903252,418975.51590727473,402.0,51.99985303715995,49.78019113814071,10.377773432741172,50.98231179401313,53.017394280306775,402.0,2746.7064676616915,2716.0,311.88206481309567,2716.126414435256,2777.286520888127,140.99113386684664,0.1241119136151819,1130.9911338668467,0.9955907868546185
1152,413.0,2730.365617433414,2730.0,1.982809475566013,2730.173824887951,2730.5574099788773,421921.5158015716,413.0,51.5598942282003,49.54648132059072,10.73757076483137,50.52127400045952,52.59851445594108,413.0,2760.757869249395,2716.0,263.2468561062369,2735.294613581119,2786.2211249176707,140.77736243918164,0.1222025715617896,1130.7773624391816,0.9815775715617896
1168,407.0,2749.697788697789,2749.0,2.0748482108574944,2749.4956107432804,2749.8999666522973,424773.953268932,407.0,51.79859410789034,49.54648132059083,10.955444497077949,50.73107054276382,52.86611767301686,407.0,2779.39312039312,2716.0,237.48093571779967,2756.252434936253,2802.5338058499874,142.43047967612037,0.1219439038322948,1132.4304796761203,0.9695466435583222
1184,462.0,2768.861471861472,2768.0,2.126750497138932,2768.66703198266,2769.055911740284,427612.5808504285,462.0,48.9333724485766,49.54648132059083,17.33758004432375,47.34827021526724,50.51847468188596,462.0,2791.720779220779,2730.0,219.34295980072403,2771.667172284173,2811.7743861573854,135.4897296611114,0.1144338932948576,1125.4897296611114,0.9505825419435062
1200,418.0,2787.653110047847,2787.0,1.932122102765434,2787.467348059998,2787.838872035696,430469.6289774029,418.0,52.561226144105966,50.481320590790574,10.54602519418371,51.54728887732017,53.57516341089176,418.0,2749.344497607656,2716.0,271.88422557392704,2723.204454939007,2775.4845402763035,146.5224655285452,0.122102054607121,1136.5224655285451,0.9471020546071209
1216,422.0,2807.011848341232,2806.0,2.097923845497152,2806.81110927228,2807.2125874101844,433200.87897690193,422.0,51.25666121773356,49.54648132059066,10.789196943477318,50.22430088977036,52.28902154569676,422.0,2776.914691943128,2716.0,225.36043934575983,2755.351161469845,2798.47822241641,143.87805534459062,0.1183207691978541,1133.8780553445906,0.9324655060399594
1232,418.0,2826.1985645933014,2825.0,2.01464609643958,2826.004868416879,2826.392260769724,435921.2460987463,418.0,52.498605331748095,49.54648132059083,11.057716555477692,51.43547200002264,53.56173866347355,418.0,2774.495215311005,2716.0,239.6244588351028,2751.456756330242,2797.5336742917675,148.3714830317367,0.1204313985647213,1138.3714830317367,0.9240028271361499
1248,403.0,2845.359801488834,2844.0,2.1176989202231264,2845.1524203359545,2845.5671826417133,438608.8533854257,403.0,51.64349050237895,49.54648132059083,10.346949995857278,50.6302386191982,52.65674238555969,403.0,2764.6600496277915,2716.0,229.95008341525795,2742.141592000049,2787.178507255533,146.94431188403942,0.1177438396506726,1136.9443118840395,0.9110130704199034
1264,411.0,2864.4306569343066,2864.0,1.917044042286888,2864.2447724314407,2864.6165414371726,441274.42811019626,411.0,52.31801818370143,50.481320590790574,10.720098372706689,51.27855319868845,53.3574831687144,411.0,2749.2019464720192,2716.0,262.4214086226943,2723.756483557652,2774.6474093863862,149.86133519544086,0.1185611829077854,1139.861335195441,0.9017890310090514
1280,419.0,2883.5346062052504,2883.0,2.028651359837371,2883.3397977499067,2883.729414660594,443899.6491477825,419.0,52.11896265362274,50.481320590790574,11.283454214766628,51.03542886854873,53.20249643869675,419.0,2762.525059665871,2716.0,242.1559982336977,2739.271169469627,2785.7789498621155,150.2868324512402,0.1174115878525314,1140.2868324512401,0.8908490878525314
1296,449.0,2902.652561247216,2902.0,2.024294164114956,2902.464814071836,2902.840308422596,446488.1595898383,449.0,47.51023899040048,48.611642050390856,17.22930688544866,45.912272766499086,49.10820521430188,449.0,2780.398663697105,2716.0,196.587912218308,2762.165728046196,2798.631599348014,137.9057168909533,0.1064087321689454,1127.9057168909533,0.8702976210578344
1312,408.0,2922.024509803922,2921.0,2.0734396767858336,2921.82271833334,2922.226301274504,449003.7628356649,408.0,52.03251222296039,50.01390095569059,10.927496097715505,50.96902552883235,53.09599891708844,408.0,2779.6029411764707,2716.0,213.4817352691783,2758.82645378467,2800.379428568272,152.0402760221624,0.1158843567242091,1142.0402760221623,0.8704575274559164
1328,415.0,2940.944578313253,2940.0,1.955868971291759,2940.7558507681465,2941.133305858359,451555.602166995,415.0,52.70916646603787,50.481320590790574,10.590917484112074,51.6872177125486,53.73111521952714,415.0,2776.3253012048194,2716.0,200.18994050902776,2757.008385510669,2795.6422168989693,155.0147373457048,0.1167279648687536,1145.0147373457048,0.862209892579597
1344,412.0,2960.0485436893205,2959.0,1.932579637181265,2959.8613816935267,2960.235705685114,454046.6077373436,412.0,51.07240221673002,49.54648132059072,11.735224093540856,49.93589641889532,52.20890801456472,412.0,2788.6844660194174,2716.0,192.6169691115985,2770.030344000804,2807.3385880380306,151.17678980434692,0.1124827305091867,1141.176789804347,0.8490898733663296
1360,413.0,2979.309927360775,2979.0,2.039851328237594,2979.112617289671,2979.507237431879,456481.5454445713,413.0,51.62100962843129,49.07906168549084,10.33281638808409,50.62154034946313,52.620478907399445,413.0,2768.2033898305085,2716.0,234.69012266774573,2745.502360520225,2790.9044191407925,153.7949864463715,0.1130845488576261,1143.7949864463715,0.8410257253282143
1376,409.0,2998.6601466992665,2998.0,2.113078086118547,2998.4547505961964,2998.8655428023367,458871.6068790299,409.0,51.99786302545459,49.54648132059083,10.47207845331369,50.97995265125538,53.0157733996538,409.0,2777.970660146699,2716.0,222.07965167048232,2756.384001648892,2799.5573186445067,155.92391956795805,0.1133168020115974,1145.9239195679581,0.832793546197644
1392,398.0,3017.824120603015,3017.0,2.1089281495769896,3017.616297245509,3018.031943960521,461259.485102748,398.0,50.995717073639234,49.54648132059072,10.01575211034321,50.00871937438805,51.98271477289042,398.0,2780.037688442211,2716.0,201.911672552706,2760.14039525185,2799.9349816325725,153.8961050322755,0.1105575467185887,1143.8961050322755,0.8217644432703128
1408,418.0,3036.602870813397,3036.0,1.902967866963408,3036.419911831005,3036.7858297957896,463676.04191286536,418.0,50.78883350861946,48.61164205039108,10.73926782667893,49.75631711813436,51.82134989910456,418.0,2782.8588516746413,2716.0,233.4991292033573,2760.4093065140733,2805.3083968352094,154.2255176375375,0.1095351687766601,1144.2255176375375,0.8126601687766601
1424,420.0,3056.004761904762,3055.0,2.0518287298146456,3055.8079638281865,3056.201559981337,465967.86030936753,420.0,50.12741715278635,48.61164205039108,12.583923364787935,48.92044900872386,51.33438529684884,420.0,2777.6880952380952,2716.0,232.70166987162133,2755.36886343229,2800.0073270439007,153.18962552090153,0.1075769842141162,1143.1896255209015,0.8028017033152398
1440,413.0,3075.0508474576272,3074.0,1.9383284031657293,3074.8633574627647,3075.2383374524898,468284.93948012433,413.0,52.5298182651994,50.481320590790574,11.003813288487295,51.46544501784086,53.594191512557934,413.0,2770.1065375302665,2716.0,250.95368249565067,2745.8323719322425,2794.3807031282904,161.53186217319654,0.112174904286942,1151.5318621731965,0.799674904286942
1456,420.0,3094.2214285714285,3093.0,2.050907676612579,3094.0247188362905,3094.4181383065666,470554.55907440366,420.0,51.76672458731534,49.54648132059083,11.05991221304953,50.70592968811631,52.82751948651436,420.0,2765.038095238095,2716.0,231.85599282582945,2742.799975278321,2787.276215197869,160.17770850502657,0.110012162434771,1150.1777085050267,0.789957217379826
1472,418.0,3113.437799043062,3113.0,2.021991073661184,3113.2433966909966,3113.632201395128,472789.2750747839,418.0,52.16201846532447,50.24761077324058,10.827468322390091,51.12102212453546,53.20301480611349,418.0,2765.306220095694,2716.0,226.21960852269743,2743.556557323661,2787.0558828677267,162.4031999643234,0.1103282608453283,1152.4031999643234,0.7828826086714153
1488,408.0,3132.558823529412,3132.0,2.062052265626939,3132.358140305416,3132.7595067534075,475011.0321387327,408.0,53.59630585509614,51.41615986099032,10.720800303762823,52.55293522640845,54.63967648378383,408.0,2781.0416666666665,2716.0,233.043406295596,2758.3613966822686,2803.7219366510644,167.8935808149625,0.1128317075369371,1157.8935808149624,0.7781542881820984
1504,412.0,3151.78640776699,3151.0,2.103874240812904,3151.582656628236,3151.9901589057445,477189.6967045966,412.0,54.39085472320392,51.649869678540426,11.458385518936907,53.281159546333406,55.50054990007444,412.0,2764.507281553398,2716.0,235.54156150764183,2741.696098047169,2787.3184650596268,171.4283566234231,0.1139816200953611,1161.428356623423,0.7722263009464249
1520,413.0,3170.898305084746,3170.0,2.0818965480528737,3170.6969280773924,3171.0996820921,479359.4287027683,413.0,53.34355850160821,51.41615986099032,11.01973273386282,52.27764540335196,54.40947159986445,413.0,2765.6682808716705,2716.0,245.3453557311276,2741.936595667861,2789.39996607548,169.14699923993845,0.111280920552591,1159.1469992399384,0.7625967100262753
1536,417.0,3189.9304556354914,3189.0,1.964213003874468,3189.741380676378,3190.119530594605,481515.19958261953,417.0,53.08743726131168,51.41615986099043,10.536595761873963,52.07318554373349,54.10168897888987,417.0,2783.470023980816,2716.0,227.37509184725468,2761.5829190132845,2805.357128948346,169.34523293149653,0.1102508026897763,1159.3452329314964,0.7547820526897763
1552,421.0,3209.254156769596,3208.0,2.0223779177076286,3209.060415268868,3209.4478982703245,483601.4613321333,421.0,52.20444475628955,49.54648132059083,11.197106170646416,51.13177474030455,53.277114772274544,421.0,2787.5130641330165,2716.0,187.00484573647304,2769.598212937689,2805.427915328344,167.53733133597098,0.1079493114278163,1157.537331335971,0.7458359093659607
1568,405.0,3228.2246913580248,3227.0,2.006519748479689,3228.0286864135146,3228.420696302535,485715.8809910428,405.0,53.33315742617794,50.481320590790574,10.885247298097644,52.26984255262199,54.39647229973389,405.0,2763.249382716049,2716.0,263.22260189689354,2737.53673696826,2788.9620284638386,172.17141567127223,0.109803198769944,1162.1714156712721,0.7411807497903521
1584,409.0,3247.3007334963327,3247.0,1.922525006818099,3247.113859595624,3247.4876073970413,487789.7460068396,409.0,52.52128158994301,50.48132059079046,10.65364976554828,51.485722062024735,53.55684111786128,409.0,2782.354523227384,2716.0,184.7883102186414,2764.392669824464,2800.316376630304,170.55239623118936,0.10767196731767,1160.5523962311893,0.73267196731767
1600,406.0,3266.536945812808,3266.0,2.00305064426146,3266.341522310837,3266.732369314779,489815.3691636493,406.0,52.843746923857125,50.48132059079063,10.619785688324583,51.80764945156376,53.87984439615049,406.0,2767.620689655173,2704.0,217.6557003998752,2746.385560469611,2788.855818840734,172.6160516819612,0.1078850323012257,1162.6160516819612,0.7266350323012257
