size,n_time_ascon,mean_time_ascon,median_time_ascon,std_time_ascon,ci95_low_time_ascon,ci95_high_time_ascon,throughput_Bps_ascon,n_power_ascon,mean_power_ascon,median_power_ascon,std_power_ascon,ci95_low_power_ascon,ci95_high_power_ascon,n_mem_ascon,mean_mem_ascon,median_mem_ascon,std_mem_ascon,ci95_low_mem_ascon,ci95_high_mem_ascon,energy_uJ_ascon,energy_per_byte_uJ_ascon,total_duty_cycle_energy_uJ_ascon,total_duty_cycle_energy_per_byte_uJ_ascon,n_time_aes,mean_time_aes,median_time_aes,std_time_aes,ci95_low_time_aes,ci95_high_time_aes,throughput_Bps_aes,n_power_aes,mean_power_aes,median_power_aes,std_power_aes,ci95_low_power_aes,ci95_high_power_aes,n_mem_aes,mean_mem_aes,median_mem_aes,std_mem_aes,ci95_low_mem_aes,ci95_high_mem_aes,energy_uJ_aes,energy_per_byte_uJ_aes,total_duty_cycle_energy_uJ_aes,total_duty_cycle_energy_per_byte_uJ_aes,ascon_minus_aes_energy,ascon_minus_aes_total_energy
16,540.0,1370.8537037037038,1370.0,2.1037304936630323,1370.6758685510536,1371.031538856354,11671.559085241555,540.0,20.33361971876307,20.099044309296232,14.29919968252335,19.12486205423443,21.54237738329171,540.0,2770.990740740741,2716.0,249.21032594183683,2749.924184692149,2792.057296789332,27.87441790116902,1.7421511188230638,1017.8744179011691,63.61715111882307,482.0,1740.8070539419086,1741.0,1.3049211322242371,1740.690264656213,1740.9238432276045,9191.139226928894,482.0,24.20011824464384,22.436142484795823,10.870302087712384,23.22723583453572,25.17300065475196,482.0,3463.2033195020745,3388.0,179.56055201315752,3447.1328091157648,3479.273829888384,42.12773654650427,2.632983534156517,1032.1277365465044,64.50798353415652,-0.8908324153334533,-0.8908324153334561
32,526.0,1389.8498098859316,1389.0,2.108998851176545,1389.669161566969,1390.030458204894,23024.07049480139,526.0,19.114441731937507,20.099044309296232,12.931938486164928,18.006744140186694,20.22213932368832,526.0,2781.98288973384,2716.0,216.0050653991932,2763.480768725096,2800.485010742585,26.56620320720906,0.8301938502252831,1016.566203207209,31.76769385022528,420.0,1755.6571428571428,1756.0,0.7886857613395771,1755.58149724472,1755.7327884695658,18226.79338627783,420.0,25.82048322369782,23.370981754995626,11.7125389425796,24.69709261013593,26.94387383725971,420.0,3441.2,3388.0,197.26726839239603,3422.279405689796,3460.120594310204,45.33191580370811,1.4166223688658783,1035.3319158037082,32.35412236886588,-0.5864285186405952,-0.5864285186405986
48,527.0,1409.0379506641366,1408.0,1.9738022727745592,1408.8690439618758,1409.2068573663971,34065.796437474,527.0,20.40326619703681,20.566463944396105,13.86027070239857,19.217183553869045,21.589348840204583,527.0,2755.104364326376,2716.0,251.9146200191556,2733.5469528745766,2776.6617757781746,28.74897638912761,0.5989370081068252,1018.7489763891276,21.223937008106827,476.0,1769.672268907563,1770.0,1.2870807029699192,1769.556348900798,1769.788188914328,27123.6662535436,476.0,25.38501047682322,23.37098175499568,11.295779235246606,24.367664165636256,26.40235678801018,476.0,3451.8571428571427,3388.0,180.24548339893093,3435.6234617781224,3468.090823936163,44.923149086762,0.9358989393075418,1034.923149086762,21.56089893930754,-0.3369619312007166,-0.3369619312007117
64,534.0,1428.2846441947563,1428.0,2.132010159818748,1428.1034042030842,1428.4658841864289,44808.99536386331,534.0,19.823319243647443,20.099044309296232,13.756586172122136,18.653885996909302,20.992752490385584,534.0,2759.9194756554307,2716.0,253.28579745461423,2738.387910428132,2781.4510408827296,28.31334247267206,0.4423959761355009,1018.313342472672,15.9111459761355,408.0,1784.453431372549,1784.0,0.797901418354034,1784.3757779436155,1784.5310848014824,35865.32373152102,408.0,25.96470247525596,23.37098175499568,10.66779410905043,24.926490519907425,27.00291443060449,408.0,3448.1176470588234,3388.0,237.7959108480877,3424.974853426724,3471.2604406909227,46.33280242653781,0.7239500379146533,1036.332802426538,16.192700037914655,-0.2815540617791524,-0.2815540617791541
80,525.0,1447.2419047619048,1447.0,1.9645124947572703,1447.0734716346433,1447.4103378891664,55277.55915356895,525.0,20.18540565140044,20.099044309296232,14.068676625879696,18.97918720949519,21.39162409330568,525.0,2780.405714285714,2716.0,224.15812210968988,2761.18687316926,2799.6245554021684,29.21316492332448,0.365164561541556,1019.2131649233245,12.740164561541556,416.0,1798.8557692307693,1799.0,0.8605772143148812,1798.7728300594597,1798.9387084020789,44472.71502718073,416.0,25.87212624473701,22.90356211989581,11.058995889992431,24.8063021218402,26.93795036763383,416.0,3450.3653846153848,3388.0,204.35532757264147,3430.6703924175395,3470.06037681323,46.54022355761197,0.5817527944701497,1036.540223557612,12.956752794470152,-0.2165882329285937,-0.2165882329285953
96,523.0,1466.472275334608,1466.0,2.023022658054892,1466.2984928015862,1466.6460578676297,65463.22192016585,523.0,19.60213165706767,20.099044309296342,13.281157531852488,18.46124814389697,20.74301517023837,523.0,2773.774378585086,2716.0,231.56494656226604,2753.882390320695,2793.666366849477,28.745982612548577,0.2994373188807143,1018.7459826125486,10.611937318880715,487.0,1812.811088295688,1813.0,1.3763284814664154,1812.68854526886,1812.933631322516,52956.42806899107,487.0,24.527533418846573,22.903562119895696,10.832621135427756,23.563038241790192,25.492028595902955,487.0,3451.6960985626283,3388.0,199.40489147978377,3433.941849271595,3469.4503478536617,44.46378455022811,0.4631644223982095,1034.4637845502282,10.77566442239821,-0.1637271035174952,-0.16372710351749475
112,523.0,1485.5391969407265,1485.0,2.19889665066304,1485.3503064069089,1485.728087474544,75393.5003739042,523.0,19.71474135883172,20.099044309296232,13.725231425098238,18.53571082555237,20.89377189211105,523.0,2766.7418738049714,2716.0,247.4385799905635,2745.486302085672,2787.997445524271,29.287021046092992,0.261491259340116,1019.287021046093,9.10077697362583,414.0,1827.6618357487923,1828.0,0.8360187632296038,1827.5810678993423,1827.742603598242,61280.48296971394,414.0,25.256466756485644,22.90356211989581,10.55961778932632,24.23630111264314,26.276632400328147,414.0,3459.613526570048,3388.0,182.9669002750221,3441.937077540841,3477.289975599256,46.1602803966869,0.4121453606847045,1036.1602803966869,9.251431074970418,-0.15065410134458845,-0.15065410134458723
128,531.0,1504.6101694915253,1504.0,2.1484110340478195,1504.4270177298058,1504.7933212532448,85071.86950840356,531.0,19.73637596718484,20.099044309296232,13.650573077316825,18.572666384628253,20.90008554974143,531.0,2764.035781544256,2716.0,270.7640632775118,2740.953180303757,2787.118382784756,29.69555198913445,0.2319964999151129,1019.6955519891344,7.9663714999151125,475.0,1841.6421052631576,1842.0,1.3416076812283426,1841.5211465474893,1841.7630639788265,69503.18937332815,475.0,25.14127212035301,23.37098175499557,10.36461256098672,24.2068035411088,26.07574069959723,475.0,3460.3115789473686,3388.0,153.98307955647516,3446.4285371323363,3474.194620762401,46.30122531672087,0.3617283227868818,1036.3012253167208,8.096103322786881,-0.12973182287176888,-0.12973182287176854
144,531.0,1523.9265536723165,1523.0,2.0568044426999066,1523.7512113606158,1524.1018959840171,94492.74287726842,531.0,19.87897856772381,20.099044309296232,13.869419239233247,18.69661237827713,21.06134475717048,531.0,2767.832391713748,2716.0,259.6057173065169,2745.7010380185625,2789.963745408933,30.294103299237182,0.2103757173558137,1020.2941032992372,7.085375717355814,420.0,1856.5690476190475,1857.0,0.7862141835130462,1856.4936390643063,1856.6444561737885,77562.42633942026,420.0,24.587385710148528,22.903562119895696,10.747343162602029,23.55657040282827,25.618201017468785,420.0,3444.866666666667,3388.0,201.20109826024728,3425.5687649621773,3464.1645683711563,45.64817927133263,0.3170012449398099,1035.6481792713325,7.192001244939809,-0.10662552758399621,-0.10662552758399535
160,527.0,1543.136622390892,1542.0,2.134348453959603,1542.9539770652652,1543.3192677165189,103684.9217874828,527.0,20.531873117510223,21.03388357949609,14.014650059510537,19.3325795724874,21.731166662533045,527.0,2763.956356736243,2716.0,226.2605668234059,2744.594272336542,2783.318441135944,31.68348533391308,0.1980217833369567,1021.683485333913,6.385521783336957,419.0,1870.890214797136,1871.0,0.8110331892928845,1870.8123324532464,1870.9680971410253,85520.78509713575,419.0,25.665688650939625,23.37098175499568,10.942695082980848,24.614877472332985,26.716499829546265,419.0,3437.346062052506,3380.0,196.31802646308307,3418.4939259740504,3456.198198130962,48.01768575307285,0.3001105359567053,1038.0176857530728,6.487610535956705,-0.10208875261974859,-0.10208875261974804
176,528.0,1562.2594696969695,1562.0,2.1051363279445314,1562.079495638681,1562.4394437552585,112657.34240301234,528.0,19.86267869836506,20.099044309296232,14.06253309671367,18.660432973164845,21.06492442356528,528.0,2771.587121212121,2716.0,226.9298096450725,2752.1862499971016,2790.9879924271404,31.030657890069097,0.1763105561935744,1021.030657890069,5.801310556193574,411.0,1885.4866180048664,1886.0,0.7030879607510591,1885.418443694223,1885.5547923155093,93344.60309574351,411.0,25.531802452537832,24.305821025195428,11.043630643125349,24.46096644321801,26.60263846185765,411.0,3456.788321167883,3388.0,165.32564011037837,3440.757664727535,3472.818977608232,48.139871857803904,0.2735219991920676,1038.1398718578039,5.898521999192067,-0.09721144299849319,-0.0972114429984936
192,535.0,1581.3364485981308,1581.0,2.104676108390387,1581.157700297622,1581.5151968986395,121416.28694526693,535.0,19.915571181500034,20.099044309296232,13.92619997402649,18.73283120171019,21.09831116128988,535.0,2782.164485981308,2716.0,214.95188698326425,2763.9088102807914,2800.420161681825,31.493218603956542,0.1640271802289403,1021.4932186039565,5.32027718022894,405.0,1899.7456790123456,1900.0,0.8034654802167996,1899.6671932625864,1899.8241647621048,101066.1596029098,405.0,25.807334470294208,24.305821025195428,11.04050959733889,24.72885294892911,26.885815991659307,405.0,3432.8987654320986,3376.0,207.7716333077809,3412.6027940178537,3453.1947368463434,49.02737214676778,0.2553508965977488,1039.0273721467677,5.411600896597748,-0.09132371636880848,-0.09132371636880787
208,538.0,1600.704460966543,1600.0,2.1131887409548,1600.525493050856,1600.8834288822295,129942.78773634753,538.0,20.54474370112945,20.56646394439616,14.127458284143366,19.348276147586503,21.7412112546724,538.0,2795.708178438662,2716.0,186.17756078957177,2779.9406280270982,2811.4757288502256,32.88606289181219,0.1581060715952509,1022.8860628918122,4.917721456210636,487.0,1913.796714579056,1914.0,1.337089418790124,1913.6776652483725,1913.9157639097384,108684.47960824834,487.0,25.646653120133017,22.90356211989581,11.28542507386803,24.641842011288947,26.651464228977087,487.0,3428.969199178645,3384.0,222.64000791284445,3409.1461839391063,3448.7922144181834,49.082480481259246,0.2359734638522079,1039.0824804812592,4.995588848467592,-0.07786739225695702,-0.07786739225695616
224,534.0,1619.741573033708,1619.0,2.10971890156584,1619.562227998981,1619.920918068435,138293.66593366952,534.0,20.74415343114764,21.03388357949609,14.642348135350012,19.499422470606504,21.98888439168877,534.0,2759.2546816479403,2716.0,251.24055941042403,2737.896980003978,2780.6123832919025,33.60016770981967,0.1500007487045521,1023.6001677098196,4.569643605847409,421.0,1928.574821852732,1929.0,0.7881459733646078,1928.4993183662984,1928.650325339165,116147.9437882576,421.0,26.027834930278534,23.83840139009567,10.98616047308606,24.97537327182141,27.080296588735653,421.0,3445.0641330166272,3376.0,168.2825519943605,3428.942856234328,3461.185409798927,50.19662711387423,0.2240920853297956,1040.1966271138742,4.643734942472653,-0.0740913366252435,-0.07409133662524425
240,537.0,1638.7541899441342,1638.0,2.2030986796356,1638.5674330393597,1638.9409468489089,146452.71479561052,537.0,19.647292371462267,20.099044309296232,13.952554061153531,18.46453290896188,20.830051833962653,537.0,2786.048417132216,2716.0,202.254470372687,2768.9032845910474,2803.1935496733845,32.19708269479121,0.1341545112282967,1022.1970826947912,4.259154511228297,483.0,1942.6045548654245,1943.0,1.322852114327932,1942.486284016338,1942.722825714511,123545.47372953432,483.0,25.381950702692595,23.37098175499568,11.067146079598096,24.392482001225584,26.371419404159607,483.0,3436.3643892339546,3380.0,201.6201590163381,3418.3383475158253,3454.390430952084,49.3070930464203,0.2054462210267512,1039.3070930464203,4.330446221026751,-0.0712917097984545,-0.07129170979845423
256,519.0,1658.042389210019,1657.0,2.0264026732535334,1657.86764367612,1658.217134743919,154398.947617963,519.0,19.773921981220987,21.03388357949609,13.646990374327236,18.59708252549064,20.95076143695133,519.0,2788.221579961464,2716.0,185.75867351047563,2772.2027999788456,2804.2403599440827,32.78600084579617,0.1280703158038912,1022.7860008457961,3.995257815803891,409.0,1957.447432762836,1958.0,0.781401149144759,1957.3714787543104,1957.5233867713616,130782.56698759424,409.0,25.72179395401894,24.305821025195428,10.990932192824776,24.653449789957,26.79013811808088,409.0,3450.513447432763,3388.0,159.61663766570118,3434.9983391284222,3466.0285557371035,50.34905954134901,0.1966760138333946,1040.349059541349,4.063863513833395,-0.06860569802950339,-0.06860569802950378
272,536.0,1677.1473880597016,1676.0,2.107998272394432,1676.9685254541298,1677.3262506652734,162180.14107554246,536.0,19.68307571611966,20.099044309296232,13.817351931558417,18.510680273037494,20.855471159201823,536.0,2787.169776119403,2716.0,188.02353973910965,2771.216072235026,2803.1234800037805,33.011419026271426,0.1213655111259978,1023.0114190262714,3.761071393478939,423.0,1971.8014184397164,1972.0,0.7209116610733199,1971.7325203292423,1971.8703165501904,137944.92561793223,423.0,25.436247234905206,22.903562119895696,10.679405309609445,24.415607832679925,26.456886637130488,423.0,3447.177304964539,3380.0,183.80260443858447,3429.611141411139,3464.7434685179387,50.1552283775694,0.1843942219763581,1040.1552283775693,3.824100104329299,-0.0630287108503603,-0.06302871085035999
288,533.0,1696.3658536585365,1696.0,2.1060504212957865,1696.1866518410664,1696.5450554760066,169774.69770384324,533.0,20.57874138321681,21.03388357949609,13.899566012887268,19.39604059582341,21.76144217061021,533.0,2770.838649155722,2716.0,211.93304785736376,2752.805468670577,2788.8718296408674,34.90907419375883,0.1212120631727737,1024.909074193759,3.558712063172774,477.0,1985.802935010482,1986.0,1.315291362252573,1985.684599103695,1985.921270917269,145029.49659427296,477.0,25.639485854065462,23.838401390095555,11.251362469873094,24.627208104304707,26.651763603826225,477.0,3430.524109014675,3384.0,221.7344206569853,3410.574807675556,3450.473410353795,50.91496626116294,0.1767880772957046,1040.914966261163,3.614288077295705,-0.05557601412293088,-0.05557601412293112
304,527.0,1715.4478178368122,1715.0,2.0793731645926403,1715.2698769818212,1715.6257586918032,177213.20161364364,527.0,20.2480509481896,21.03388357949609,13.809482239651729,19.066314490996884,21.42978740538231,527.0,2775.696394686907,2716.0,226.80394467816865,2756.2878111201944,2795.10497825362,34.73447481452044,0.1142581408372382,1024.7344748145204,3.370837088205659,411.0,2000.6569343065687,2001.0,0.788062980685875,2000.5805204672624,2000.7333481458763,151950.08938669777,411.0,25.89686742301733,23.838401390095555,10.772858459892282,24.8522866021856,26.94144824384906,411.0,3430.413625304136,3380.0,228.00311125229751,3408.3055025630065,3452.5217480452657,51.81074738667751,0.1704300900877549,1041.8107473866776,3.4270090374561764,-0.05617194925051669,-0.05617194925051727
320,529.0,1734.5066162570888,1734.0,2.0422742647691168,1734.3321823210383,1734.6810501931393,184490.50410112104,529.0,20.69105027435664,21.03388357949609,14.471655209802936,19.455002882015904,21.92709766669737,529.0,2790.833648393195,2716.0,177.13914108698629,2775.7039088956885,2805.963387890701,35.888763598179644,0.1121523862443113,1025.8887635981796,3.2059023862443112,479.0,2014.6805845511485,2015.0,1.2660099713443258,2014.5669217114096,2014.7942473908868,158834.11120045758,479.0,25.72954805569815,23.838401390095555,10.965609717986704,24.745051591829537,26.71404451956676,479.0,3453.286012526096,3388.0,189.09132977587808,3436.3093235593883,3470.2627014928034,51.836820917090805,0.1619900653659087,1041.8368209170908,3.2557400653659085,-0.04983767912159741,-0.04983767912159731
336,520.0,1753.7576923076922,1753.0,2.085581860548883,1753.5780173200806,1753.9373672953038,191588.610829055,520.0,20.571857247878096,20.566463944396105,14.26917010673343,19.342553804722453,21.80116069103374,520.0,2783.151923076923,2716.0,218.33926949854404,2764.3417740799614,2801.962072073885,36.07805289352196,0.1073751574211963,1026.078052893522,3.053803728849768,410.0,2029.4829268292683,2030.0,0.7505181385519909,2029.410064271484,2029.5557893870528,165559.4119852708,410.0,24.85418406052001,23.37098175499557,10.959152550838931,23.79023657545532,25.918131545584707,410.0,3438.7609756097563,3388.0,229.1648416200502,3416.512963660307,3461.0089875592057,50.4411422110975,0.1501224470568378,1040.4411422110975,3.096551018485409,-0.042747289635641506,-0.04274728963564112
352,526.0,1772.6596958174905,1772.0,2.063785496112284,1772.482920291812,1772.836471343169,198571.6721774224,526.0,21.05432208065065,21.03388357949609,14.158829147974688,19.84153399277025,22.26711016853104,526.0,2787.0456273764257,2716.0,182.52490974133323,2771.411281205408,2802.679973547444,37.32214817512965,0.1060288300429819,1027.3221481751295,2.9185288300429817,424.0,2043.9221698113208,2044.0,0.7694393337707846,2043.848721139424,2043.9956184832183,172217.90790228275,424.0,14.7501762208416,13.087749782797571,10.993641748040174,13.700751853942888,15.79960058774031,424.0,3432.066037735849,3376.0,212.7560348861598,3411.756901570475,3452.375173901223,30.14821218640191,0.0856483300750054,1020.1482121864019,2.8981483300750055,0.0203804999679765,0.020380499967976196
368,531.0,1791.954802259887,1791.0,2.012655832118577,1791.7832236115064,1792.1263809082675,205362.32249602745,531.0,21.14479671324861,21.501303214595964,14.521497584672494,19.906840929514043,22.382752496983176,531.0,2784.621468926553,2716.0,184.520372221147,2768.8911311513966,2800.3518067017103,37.89052001311492,0.1029633696008557,1027.8905200131148,2.7931807609052033,417.0,2058.340527577938,2058.0,0.713275697744173,2058.2718677263224,2058.409187429553,178784.80021623435,417.0,15.26679959247198,13.087749782797689,11.046945405135276,14.203421666207284,16.33017751873668,417.0,3449.1510791366904,3376.0,171.714372368533,3432.621869793969,3465.680288479412,31.42427232759542,0.0853920443684658,1021.4242723275954,2.7756094356728136,0.017571325232389898,0.01757132523238969
384,526.0,1811.182509505704,1810.0,2.1275870918114737,1811.0002689931648,1811.364750018242,212016.18168496937,526.0,21.35823370651409,21.03388357949609,14.82257247463494,20.08859204751064,22.627875365517543,526.0,2780.4543726235743,2716.0,213.2410235031085,2762.189008273939,2798.7197369732094,38.68365932317349,0.1007386961540976,1028.6836593231735,2.6788636961540977,412.0,2072.8009708737864,2073.0,0.7277596386218601,2072.730490494193,2072.87145125338,185256.57088925684,412.0,14.826959250293116,13.087749782797571,11.041563771210726,13.75763146045998,15.896287040126248,412.0,3437.097087378641,3376.0,204.8378393496968,3417.2594268294065,3456.9347479278754,30.733335529113635,0.0800347279404,1020.7333355291137,2.6581597279404003,0.020703968213697604,0.020703968213697355
400,530.0,1830.4415094339624,1830.0,2.0562444856093647,1830.266048805082,1830.6169700628425,218526.5128322479,530.0,19.934124551251585,20.56646394439616,14.092381355924228,18.73161283027928,21.13663627222388,530.0,2776.6245283018866,2716.0,224.7521898563843,2757.4462832778204,2795.802773325953,36.48824903283755,0.0912206225820938,1026.4882490328375,2.566220622582094,407.0,2087.2407862407863,2087.0,0.6516423896188375,2087.177288716141,2087.304283765432,191640.5632914149,407.0,15.756750352753825,14.957428323197291,10.719215466521131,14.71224548458238,16.801255220925267,407.0,3437.4054054054054,3388.0,199.09536856370497,3418.0050973936222,3456.8057134171886,32.888131994881675,0.0822203299872041,1022.8881319948816,2.5572203299872043,0.0090002925948897,0.009000292594889547
416,526.0,1849.6558935361213,1849.0,2.0906671207048326,1849.4768154391115,1849.834971633132,224906.6982965693,526.0,20.218120794283696,21.03388357949609,14.031250158707048,19.016260607067306,21.41998098150009,526.0,2784.2490494296576,2716.0,199.0610740189324,2767.198282250553,2801.2998166087623,37.39656628337205,0.0898955920273366,1027.396566283372,2.469703284335029,413.0,2101.5641646489103,2102.0,0.7299914163677325,2101.493554278304,2101.634775019517,197947.7985957652,413.0,15.098899157065231,13.087749782797571,11.569631022090611,13.979795677310028,16.218002636820433,413.0,3433.762711864407,3388.0,210.2804227193671,3413.4227760150857,3454.102647713728,31.73130539413593,0.0762771764282113,1021.7313053941359,2.456084868735904,0.0136184155991253,0.013618415599125022
432,522.0,1868.712643678161,1868.0,2.109705454568654,1868.5312405666489,1868.8940467896728,231175.18975507145,522.0,20.433043397212487,20.332754126846226,14.294373141287888,19.2039411264046,21.66214566802037,522.0,2776.009578544061,2716.0,217.7700761126513,2757.284609465777,2794.734547622345,38.183486545195535,0.0883877003361007,1028.1834865451956,2.3800543670027676,472.0,2115.5677966101694,2116.0,1.3144877090765534,2115.448905044314,2115.6866881760247,204200.4991247291,472.0,14.499911646468066,13.087749782797571,11.198781208552612,13.487014664347337,15.512808628588797,472.0,3450.008474576271,3388.0,170.39521916295573,3434.5967257400544,3465.420223412488,30.67554613296058,0.0710082086411124,1020.6755461329606,2.362674875307779,0.0173794916949883,0.017379491694988758
448,524.0,1887.7442748091603,1887.0,2.1160105435276617,1887.5626787269505,1887.9258708913703,237320.2800709276,524.0,20.43176859153341,20.09904430929629,14.55402090179912,19.182742123184607,21.68079505988221,524.0,2779.9312977099235,2716.0,231.20235037673743,2760.089505732745,2799.7730896871017,38.569954182892815,0.0860936477296714,1028.5699541828928,2.2959150763011,410.0,2130.4341463414635,2130.0,0.7379379702722089,2130.362505104245,2130.505787578681,210285.7770888334,410.0,16.828246911487362,15.6585577758471,11.737533933839725,15.688731821078814,17.96776200189591,410.0,3434.1658536585364,3388.0,224.1131215518504,3412.40827788441,3455.923429432663,35.85147184329795,0.0800256067930757,1025.851471843298,2.2898470353645046,0.0060680409365957005,0.006068040936595409
464,537.0,1906.8957169459964,1906.0,2.1152256102878297,1906.7164090504723,1907.0750248415204,243327.41212672228,537.0,20.689194239645875,20.099044309296232,14.492596166743676,19.460655351548155,21.917733127743595,537.0,2765.897579143389,2716.0,253.2590532883015,2744.428782790568,2787.36637549621,39.4521358826445,0.0850261549194924,1029.4521358826446,2.218646844574665,413.0,2144.782082324455,2145.0,0.7857767927112101,2144.706075964239,2144.858088684671,216338.9949141732,413.0,15.49728102523756,14.022589052997432,11.042023982218543,14.429211746412085,16.56535030406304,413.0,3449.762711864407,3388.0,166.97628418433138,3433.6114845425946,3465.913939186219,33.23829066767628,0.0716342471286126,1023.2382906676763,2.2052549367837853,0.0133919077908798,0.013391907790879731
480,527.0,1926.111954459203,1925.0,1.9724310369796767,1925.9431650994536,1926.280743818952,249206.69792258792,527.0,19.875534350956265,20.099044309296232,13.685895481254898,18.704373741249302,21.046694960663224,527.0,2782.506641366224,2716.0,226.4587176756985,2763.127600350618,2801.885682381829,38.28250431464139,0.0797552173221695,1028.2825043146413,2.142255217322169,482.0,2158.7510373443984,2159.0,1.3184477748417014,2158.633037436168,2158.869037252629,222350.79066388088,482.0,16.09106640085656,14.957428323197178,11.124917449805482,15.09539614132853,17.086736660384588,482.0,3454.804979253112,3388.0,183.944037340938,3438.3421508119814,3471.2678076942425,34.73660628482669,0.0723679297600556,1024.7366062848266,2.1348679297600555,0.007387287562113903,0.007387287562113709
496,533.0,1945.251407129456,1944.0,2.1258839137547247,1945.0705176990684,1945.4322965598435,254979.89523725936,533.0,20.78219608367306,21.03388357949609,14.47665990160671,19.550390928851527,22.0140012384946,533.0,2776.6191369606004,2716.0,209.22340150745927,2758.816517693598,2794.4217562276026,40.42659617500529,0.0815052342238009,1030.4265961750052,2.0774729761592847,419.0,2173.634844868735,2174.0,0.720730731189882,2173.5656341392614,2173.7040555982085,228189.20168256373,419.0,16.2414378697366,14.022589052997432,10.871931847683111,15.197421982246214,17.28545375722699,419.0,3438.529832935561,3388.0,223.4618791392413,3417.0711119521748,3459.988553918947,35.30295528443011,0.0711753130734478,1025.30295528443,2.0671430550089314,0.01032992115035311,0.01032992115035336
512,526.0,1964.2110266159696,1964.0,2.0607793466261053,1964.034508584908,1964.387544647031,260664.45665061584,526.0,20.704201669568203,20.800173761946155,14.396543913057414,19.471051895534767,21.93735144360164,526.0,2763.709125475285,2716.0,237.55268286343284,2743.36132263016,2784.05692832041,40.66742121664663,0.0794285570637629,1030.6674212166467,2.013022307063763,469.0,2187.643923240938,2188.0,1.3377612223833335,2187.522538283576,2187.7653081983003,234041.7444359433,469.0,17.06829140878702,14.957428323197178,11.90983863923908,15.987623774510975,18.148959043063066,469.0,3438.311300639659,3380.0,182.7836430039637,3421.725990539935,3454.8966107393826,37.33934398053843,0.0729284062119891,1027.3393439805384,2.006522156211989,0.0065001508517738005,0.0065001508517741335
528,529.0,1983.5482041587904,1983.0,2.10294742381524,1983.3685880304515,1983.727820287129,266189.648879202,529.0,19.87726297014678,20.099044309296232,13.69952167311936,18.707164747456662,21.0473611928369,529.0,2794.3780718336484,2716.0,172.2293792118504,2779.6676830099104,2809.0884606573863,39.42750926802667,0.0746733130076262,1029.4275092680266,1.949673313007626,403.0,2202.436724565757,2202.0,0.728141634483058,2202.3654194098744,2202.508029721639,239734.4696039352,403.0,17.583329201277127,15.892267593397037,10.770883158799116,16.528562564872917,18.638095837681337,403.0,3431.4143920595534,3384.0,238.8133484842167,3408.0279762387354,3454.8008078803714,38.72616997302222,0.0733450188882996,1028.7261699730223,1.9483450188882998,0.001328294119326598,0.0013282941193262232
544,526.0,2002.6425855513307,2002.0,1.987966696880288,2002.4723043576048,2002.812866745057,271641.0825999867,526.0,20.295431646477027,20.099044309296232,13.959473663027204,19.099719543826144,21.49114374912791,526.0,2778.9410646387832,2716.0,203.3348033030572,2761.5242270796743,2796.357902197892,40.644495707381054,0.074714146520921,1030.644495707381,1.8945670876973917,415.0,2216.8168674698795,2217.0,0.7324136652734791,2216.7461947228408,2216.8875402169183,245396.9057989367,415.0,18.47264924162331,15.89226759339715,12.003383322952072,17.3144075082752,19.63089097497141,415.0,3448.722891566265,3388.0,213.3532097428128,3428.135813338464,3469.309969794066,40.95048042568523,0.0752766184295684,1030.9504804256853,1.8951295596060391,-0.0005624719086474023,-0.0005624719086474439
560,530.0,2021.8150943396224,2021.0,2.1642739542667044,2021.6304154885704,2021.999773190675,276978.84023509605,530.0,19.799190203760467,19.164205039096487,14.21872769731198,18.585897270402302,21.01248313711863,530.0,2767.1943396226416,2716.0,221.2660041225853,2748.313573009108,2786.075106236175,40.0303016096641,0.0714826814458287,1030.030301609664,1.8393398243029715,474.0,2230.8016877637133,2231.0,1.3619401111508482,2230.6787657614627,2230.924609765964,251030.83033856627,474.0,17.18210911810314,15.6585577758471,10.83103100415818,16.204553639292264,18.159664596914013,474.0,3453.805907172996,3388.0,178.8902964021518,3437.6601506622,3469.951663683792,38.32987802000476,0.0684462107500085,1028.3298780200048,1.8363033536071514,0.0030364706958202065,0.003036470695820137
576,429.0,2040.927738927739,2040.0,2.0004438215265865,2040.7379042068333,2041.1175736486448,282224.5927739796,429.0,52.624477752192746,50.481320590790574,11.196530339911982,51.56196842835362,53.68698707603187,429.0,2780.967365967366,2716.0,197.7201809643341,2762.2044519745464,2799.7302799601853,107.40275639103584,0.1864631187344372,1097.4027563910358,1.9052131187344372,409.0,2245.6650366748167,2246.0,0.7493625141233247,2245.592196896108,2245.7378764535256,256494.17459555328,409.0,19.21220412142944,17.29452649869677,11.47335684640298,18.0969671593584,20.32744108350048,409.0,3454.7677261613694,3388.0,168.37879603990046,3438.40091569024,3471.1345366324995,43.1441750729539,0.0749030817238783,1033.1441750729539,1.7936530817238783,0.11156003701055889,0.11156003701055894
592,428.0,2060.1495327102803,2059.0,1.99203913657442,2059.96027359709,2060.3387918234707,287357.78185051447,428.0,51.42708088050209,50.01390095569059,10.188750911039444,50.4590708015145,52.39509095948968,428.0,2770.8831775700933,2716.0,227.84618336953127,2749.236029270336,2792.530325869851,105.94747664462017,0.1789653321699665,1095.94747664462,1.8512626294672636,480.0,2259.602083333333,2260.0,1.3218873050758932,2259.4835281232868,2259.72063854338,261993.031590186,480.0,18.832142339994213,16.359687228496966,10.991439015060458,17.84636060494067,19.81792407504776,480.0,3435.391666666667,3388.0,222.30990033835235,3415.453509435858,3455.329823897476,42.5531480650808,0.0718803176775013,1032.553148065081,1.7441776149747987,0.10708501449246519,0.10708501449246488
608,427.0,2079.28337236534,2078.0,2.015615065783379,2079.0916479708712,2079.4750967598084,292408.43652222096,427.0,52.93116870168895,50.94874022589045,10.805329999429553,51.90337059363642,53.95896680974148,427.0,2781.311475409836,2716.0,186.25986172190488,2763.5945215089364,2799.028429310736,110.05889896128652,0.1810179259231686,1100.0588989612866,1.8093073996073792,421.0,2274.527315914489,2275.0,0.7447208920819053,2274.4559725013755,2274.5986593276034,267308.2867573957,421.0,18.610185091555216,17.29452649869677,11.035873430102244,17.552960988446372,19.66740919466406,421.0,3447.182897862233,3388.0,199.0084403382633,3428.1181159779267,3466.2476797465392,42.329374344966936,0.0696206814884324,1032.329374344967,1.697910155172643,0.1113972444347362,0.1113972444347362
624,428.0,2098.4369158878503,2098.0,1.993723599575284,2098.2474967376565,2098.626335038044,297364.1929740762,428.0,52.27782830046197,49.54648132059083,11.194934368677258,51.21422301684055,53.34143358408339,428.0,2782.504672897196,2716.0,203.4275097781841,2763.177487305166,2801.8318584892263,109.701724788136,0.1758040461348333,1099.701724788136,1.762342507673295,412.0,2288.9441747572814,2289.0,0.7825904010457472,2288.8683842550267,2289.019965259536,272614.77448053914,412.0,20.75592772852648,19.164205039096487,10.938838032478335,19.69654848306929,21.81530697398367,412.0,3454.78640776699,3388.0,163.31231706404148,3438.970314804329,3470.602500729651,47.50915986589382,0.0761364741440606,1037.5091598658937,1.662674935682522,0.0996675719907727,0.09966757199077314
640,421.0,2117.769596199525,2117.0,2.093442614311196,2117.569046781816,2117.9701456172347,302204.73518390366,421.0,50.93985814256318,49.07906168549073,10.369420505079892,49.94647947048285,51.93323681464352,421.0,2772.365795724465,2716.0,235.9261873444765,2749.7643357317475,2794.9672557171834,107.87888280903712,0.1685607543891205,1097.8788828090371,1.7154357543891205,411.0,2303.352798053528,2303.0,0.701643162448574,2303.284763836492,2303.4208322705645,277855.8284865604,411.0,19.745352079330143,18.22936576889652,11.3889565652064,18.64103184328584,20.84967231537446,411.0,3424.3406326034064,3376.0,225.67717236232045,3402.458042497273,3446.22322270954,45.48051196047714,0.0710632999382455,1035.480511960477,1.6179382999382454,0.09749745445087499,0.0974974544508751
656,415.0,2136.742168674699,2136.0,1.9850966757465072,2136.550620862493,2136.933716486905,307009.4322174958,415.0,51.072634587001325,49.54648132059072,10.391887843552524,50.069890788454096,52.07537838554856,415.0,2783.513253012048,2716.0,206.85633931254915,2763.5530769055927,2803.473429118504,109.12905198735965,0.1663552621758531,1099.1290519873596,1.6755016036392678,417.0,2317.736211031175,2318.0,0.7736390243351059,2317.661740611416,2317.810681450934,283034.79786776146,417.0,20.03739423752049,18.229365768896628,11.502157854384429,18.930197603681897,21.14459087135909,417.0,3439.386091127098,3388.0,228.6356000157013,3417.3776497617628,3461.3945324924334,46.441394199008656,0.0707948082301961,1036.4413941990088,1.5799411496936109,0.09556045394565701,0.09556045394565693
672,443.0,2155.990970654628,2155.0,2.0885184310159826,2155.795952349416,2156.1859889598395,311689.6170469393,443.0,49.78071869980561,49.54648132059072,15.408026763977023,48.34197283022351,51.21946456938771,443.0,2779.5643340857787,2716.0,196.14800093953525,2761.24874244634,2797.879925725217,107.32678002947888,0.1597124702819626,1097.3267800294789,1.6329267559962484,472.0,2331.716101694916,2332.0,1.3064901093280683,2331.5979334885487,2331.834269901282,288199.7510380984,472.0,21.03091269198486,19.164205039096487,10.993463034422012,20.03658613775968,22.025239246210045,472.0,3437.745762711864,3388.0,221.9467691749257,3417.6713270655064,3457.820198358222,49.038117757241054,0.0729733895197039,1039.038117757241,1.5461876752339896,0.08673908076225868,0.08673908076225878
688,422.0,2175.0284360189576,2174.0,1.984296286452396,2174.83856936106,2175.218302676856,316317.703532775,422.0,51.52913806663067,49.0790616854909,11.16979469073094,50.46036038367477,52.597915749586576,422.0,2763.6848341232226,2716.0,251.56856652796824,2739.613588672183,2787.756079574262,112.07734057846864,0.1629031113059137,1102.0773405784687,1.6018565996780068,417.0,2346.6163069544364,2347.0,0.760517777680355,2346.543099584647,2346.689514324226,293188.1100293397,417.0,20.359095521150408,18.6967854039965,10.493267646992908,19.349014563837745,21.36917647846307,417.0,3447.37649880096,3388.0,188.29915520312923,3429.2508398215805,3465.502157780338,47.77498554477458,0.0694403859662421,1037.7749855447746,1.5083938743383352,0.0934627253396716,0.09346272533967159
704,417.0,2193.997601918465,2193.0,1.90078273472054,2193.814632751098,2194.180571085832,320875.46466979344,417.0,52.03153966835215,50.481320590790574,11.005479618494045,50.97215323481168,53.09092610189263,417.0,2776.199040767386,2716.0,230.9087007368946,2753.9717909403043,2798.426290594468,114.15707325649012,0.1621549336029689,1104.15707325649,1.5684049336029688,477.0,2360.6184486373168,2361.0,1.2772719517150002,2360.5035333121214,2360.733363962512,298226.9330337518,477.0,22.546872922461,21.03388357949609,11.59591024602815,21.50359643379505,23.59014941112696,477.0,3439.5136268343817,3388.0,217.38900945440253,3419.955279309586,3459.0719743591776,53.224564179842616,0.0756030741190946,1043.2245641798427,1.4818530741190947,0.0865518594838743,0.08655185948387412
720,426.0,2213.4953051643192,2213.0,2.082131605903594,2213.29702009892,2213.6935902297187,325277.4010047203,426.0,50.85437851551821,48.61164205039108,10.090779829342464,49.89341575374059,51.81534127729584,426.0,2765.154929577465,2716.0,237.59179909915133,2742.528643472785,2787.7812156821446,112.56592809114878,0.1563415667932622,1102.5659280911489,1.5313415667932624,401.0,2375.4364089775563,2376.0,0.732510117554155,2375.364496278237,2375.508321676876,303102.19935961365,401.0,22.205346754746493,20.56646394439622,10.533813386368449,21.171210929740624,23.23948257975236,401.0,3430.523690773068,3376.0,207.9691685378968,3410.1067382608803,3450.9406432852543,52.74738915519645,0.0732602627155506,1042.7473891551965,1.4482602627155508,0.0830813040777116,0.08308130407771164
736,421.0,2232.270783847981,2231.0,1.9815401906034071,2232.080954554989,2232.460613140973,329709.1039875035,421.0,50.36696376795141,48.611642050390856,10.648695516166091,49.34683086794464,51.38709666795818,421.0,2768.8598574821854,2716.0,231.70845151566908,2746.662451777241,2791.0572631871296,112.43270169032776,0.1527618229488148,1102.4327016903278,1.4978705186009889,415.0,2389.8048192771084,2390.0,0.7375215733285908,2389.7336536530097,2389.875984901207,307974.94174550724,415.0,21.839196926716426,20.099044309296342,11.187902727488908,20.759643312625062,22.91875054080778,415.0,3447.4698795180725,3388.0,193.06265017474905,3428.840697014536,3466.099062021609,52.191418064608726,0.0709122528051749,1042.1914180646088,1.416020948457349,0.0818495701436399,0.08184957014363992
752,412.0,2251.7888349514565,2251.0,2.1379599166719903,2251.581782762127,2251.9958871407857,333956.7140256344,412.0,51.18585358447274,49.54648132059083,11.139012220516042,50.10708833296502,52.26461883598046,412.0,2763.2985436893205,2716.0,267.1238459921365,2737.428752257126,2789.168335121515,115.2597336089757,0.1532709223523612,1105.2597336089757,1.469760284054489,402.0,2404.2960199004974,2404.0,0.6582937815632758,2404.231474159815,2404.36056564118,312773.466235294,402.0,22.366378360154048,21.03388357949609,10.778237830258234,21.30957156129564,23.42318515901246,402.0,3423.054726368159,3378.0,234.5035228615204,3400.06164334112,3446.0478093951983,53.77539447090699,0.0715098330730146,1043.775394470907,1.3879991947751422,0.0817610892793466,0.08176108927934678
768,431.0,2270.7447795823664,2270.0,1.9859540230165549,2270.556760139501,2270.932799025232,338215.0239452493,431.0,50.07029497199043,49.54648132059072,13.09224707423669,48.830791452662055,51.3097984913188,431.0,2763.935034802784,2716.0,293.50912263851984,2736.1471700915126,2791.722899514056,113.69686091979646,0.1480427876559849,1103.6968609197966,1.437105287655985,417.0,2418.5419664268584,2419.0,0.7362776498823582,2418.471092409492,2418.6128404442247,317546.6916270381,417.0,21.736694397739843,19.164205039096487,11.516087279020422,20.628156918795177,22.845231876684508,417.0,3441.179856115108,3388.0,235.1921243632092,3418.540284332408,3463.819427897809,52.57110761232939,0.0684519630368872,1042.5711076123293,1.3575144630368872,0.07959082461909768,0.07959082461909794
784,424.0,2289.8938679245284,2289.0,2.00956580975696,2289.7020400138163,2290.0856958352406,342373.9462259827,424.0,51.69065865613163,49.54648132059083,11.337621914409926,50.60839883974389,52.77291847251937,424.0,2759.462264150944,2716.0,237.95975480811177,2736.7472466198883,2782.177281681999,118.36612228565576,0.1509771967929282,1108.3661222856558,1.4137322988337446,468.0,2432.6047008547007,2433.0,1.344247525290563,2432.4825964252186,2432.726805284183,322288.2861833408,468.0,21.73001923262566,19.164205039096487,11.435186733056527,20.69130655077716,22.768731914474166,468.0,3457.034188034188,3388.0,150.5918904132152,3443.355206657909,3470.7131694104664,52.86054693494823,0.0674241670088625,1042.8605469349482,1.3301792690496788,0.0835530297840657,0.08355302978406587
800,416.0,2309.012019230769,2308.0,2.0280799298940178,2308.816560571236,2309.2074778903025,346468.52997608663,416.0,52.17234595335157,50.481320590790574,11.21558905318341,51.09142997469589,53.253261932007256,416.0,2774.487980769231,2716.0,223.4674496655145,2752.9510346572183,2796.024926881244,120.46657387775456,0.1505832173471931,1110.4665738777546,1.3880832173471933,392.0,2447.433673469388,2447.5,0.7640843109772238,2447.357799511972,2447.5095474268046,326873.0052512315,392.0,22.179777123707865,20.099044309296232,10.899008863080027,21.09750004710545,23.26205420031028,392.0,3443.734693877551,3388.0,217.444847980956,3422.1423108130434,3465.3270769420583,54.28353340260864,0.0678544167532608,1044.2835334026086,1.3053544167532607,0.0827288005939323,0.08272880059393262
816,419.0,2328.1479713603817,2327.0,1.9969029703172911,2327.956211656955,2328.3397310638084,350493.1860165209,419.0,51.72851665771587,49.54648132059072,10.912377808119029,50.68061680315584,52.77641651227591,419.0,2770.6992840095463,2716.0,222.94426165145828,2749.2902690847022,2792.1082989343904,120.43164111814292,0.1475877954879202,1110.431641118143,1.3608230896055675,411.0,2461.8710462287104,2462.0,0.7685359063317136,2461.79652581513,2461.945566642291,331455.21624701406,411.0,22.28147321381386,20.099044309296232,11.683643798458236,21.148578887323183,23.41436754030454,411.0,3438.043795620438,3376.0,209.114154912054,3417.767224049502,3458.3203671913734,54.85411377240892,0.0672231786426579,1044.854113772409,1.280458472760305,0.0803646168452623,0.08036461684526253
832,420.0,2347.4904761904763,2347.0,2.0938379332224364,2347.2896488641354,2347.691303516817,354421.03320060123,420.0,50.48465930246987,49.54648132059066,11.780683846180803,49.35473267264003,51.61458593229971,420.0,2762.6833333333334,2716.0,215.7170032640348,2741.9931603622504,2783.3735063044164,118.51225690626896,0.1424426164738809,1108.512256906269,1.332346462627727,411.0,2476.333333333333,2476.0,0.7145411854407392,2476.264048470752,2476.4026181959152,335980.61650289403,411.0,22.72955919004104,20.099044309296232,11.37192130260183,21.62689076337126,23.83222761671082,411.0,3446.1216545012167,3388.0,193.29162800485733,3427.3793004460763,3464.864008556357,56.28596507427163,0.0676514003296534,1046.2859650742716,1.2575552464834996,0.0747912161442275,0.07479121614422746
848,428.0,2366.420560747664,2366.0,1.951579595270402,2366.235145603583,2366.605975891744,358347.1231048116,428.0,52.15005237217532,50.481320590790574,11.125668519636962,51.09302787952485,53.20707686482579,428.0,2780.4018691588785,2716.0,207.88797919421307,2760.6509045001667,2800.1528338175904,123.40895617758312,0.145529429454697,1113.4089561775831,1.3129822596433764,420.0,2490.6690476190474,2491.0,0.7739765265162348,2490.594812820831,2490.743282417264,340470.7666041157,420.0,22.00767448595424,20.099044309296232,10.76933514864688,20.97474985026227,23.04059912164621,420.0,3435.1619047619047,3384.0,245.1105492660778,3411.65249389203,3458.671315631779,54.813833652241655,0.0646389547785868,1044.8138336522416,1.232091784967266,0.08089047467611019,0.08089047467611055
864,422.0,2385.599526066351,2385.0,1.9924560246107736,2385.4088786469188,2385.790173485783,362173.11018025817,422.0,51.997665331197645,49.54648132059083,11.28931479656419,50.91745141102199,53.0778792513733,422.0,2778.395734597156,2716.0,194.79221472540965,2759.757113415978,2797.0343557783344,124.04560577066182,0.143571302975303,1114.0456057706617,1.2894046363086362,470.0,2504.668085106383,2505.0,1.3029581536248724,2504.549984581805,2504.786185630961,344955.8866253141,470.0,21.250686729393497,19.164205039096487,11.38155008615446,20.219059557066004,22.28231390172099,470.0,3448.0851063829787,3388.0,161.55911864769175,3433.441338576958,3462.728874189,53.22591683770563,0.0616040704140111,1043.2259168377057,1.2074374037473445,0.08196723256129189,0.08196723256129168
880,422.0,2404.585308056872,2404.0,1.9128450102247128,2404.402278187973,2404.768337925772,365967.4693392856,422.0,51.99212718386234,50.01390095569059,10.672072770872768,50.97097383913208,53.0132805285926,422.0,2782.234597156398,2716.0,204.133705047784,2762.702138921045,2801.7670553917515,125.01950516093972,0.1420676195010678,1115.0195051609396,1.2670676195010677,409.0,2519.545232273839,2520.0,0.7628204934520021,2519.471084348248,2519.619380199429,349269.37954029813,409.0,21.521874249881577,19.164205039096373,11.452650958255807,20.40864994828152,22.63509855148164,409.0,3435.0220048899755,3380.0,208.9810527223723,3414.708560665361,3455.33544911459,54.22533565588623,0.0616196996089616,1044.2253356558863,1.1866196996089617,0.0804479198921062,0.08044791989210598
896,421.0,2424.0071258907365,2423.0,2.0017722043038044,2423.81535839388,2424.1988933875937,369635.8770689471,421.0,51.15857944449829,49.54648132059072,10.591051148726752,50.143968809226735,52.17319007976985,421.0,2754.8954869358668,2716.0,315.7213637484844,2724.6497399421737,2785.14123392956,124.00876112391124,0.1384026351829366,1114.0087611239112,1.2433133494686508,416.0,2533.973557692308,2534.0,0.7292662339893925,2533.903273775763,2534.0438416088523,353594.84998572286,416.0,22.8024376796097,21.03388357949609,11.76790601717224,21.668291484616105,23.936583874603297,416.0,3438.269230769231,3382.0,203.24823593925456,3418.680935868397,3457.8575256700647,57.78077413105771,0.0644874711284126,1047.7807741310578,1.169398185414127,0.073915164054524,0.0739151640545237
912,413.0,2442.953995157385,2442.0,2.0230023755860933,2442.7583148462545,2443.149675468516,373318.5323210498,413.0,51.49425176128555,49.07906168549084,10.839943677906064,50.44572923994216,52.54277428262893,413.0,2765.1525423728813,2716.0,245.48722798046003,2741.40713419661,2788.8979505491525,125.79808806787274,0.1379365000744218,1115.7980880678726,1.2234628158638954,408.0,2548.3382352941176,2548.0,0.7340834085055706,2548.266792766905,2548.40967782133,357880.27953626064,408.0,21.88050884993441,20.099044309296232,11.269215491780484,20.78376531220158,22.97725238766724,408.0,3423.735294117647,3376.0,236.2675544315452,3400.7412433172394,3446.7293449180543,55.75893730997918,0.061139185646907,1045.7589373099793,1.1466655014363807,0.07679731442751479,0.0767973144275147
928,416.0,2462.21875,2462.0,1.978860418073207,2462.02803493053,2462.40946506947,376895.8383571728,416.0,51.83414088083936,50.481320590790574,11.76054039311315,50.70070455678527,52.96757720489346,416.0,2769.516826923077,2716.0,241.1062650398649,2746.2799186162765,2792.7537352298777,127.6269935669442,0.137529087895414,1117.6269935669443,1.2043394327230004,416.0,2562.7451923076924,2563.0,0.7651921321297129,2562.671445989203,2562.818938626181,362111.69287741696,416.0,21.82827223818753,20.332754126846226,10.68252498684288,20.798730954540943,22.85781352183412,416.0,3445.2115384615386,3388.0,183.70094466649425,3427.507137431635,3462.9159394914423,55.940299734798565,0.0602804954038777,1045.9402997347986,1.127090840231464,0.07724859249153629,0.07724859249153626
944,408.0,2481.419117647059,2481.0,2.038529895180669,2481.220723669178,2481.61751162494,380427.4712347358,408.0,52.144784586293206,50.24761077324058,10.613904858243956,51.11181724514327,53.17775192744314,408.0,2753.850490196078,2716.0,280.5982196741098,2726.542086665116,2781.158893727041,129.39306535801566,0.1370689251673894,1119.3930653580157,1.1857977387267116,459.0,2576.864923747277,2577.0,1.1872919466845169,2576.756018588218,2576.973828906336,366336.6252924252,459.0,22.111290930118543,20.099044309296342,11.75807876106592,21.032773181154457,23.189808679082635,459.0,3431.9825708061003,3388.0,246.21175189213804,3409.3986308771982,3454.5665107350023,56.977810016593786,0.0603578495938493,1046.9778100165938,1.1090866631531715,0.0767110755735401,0.07671107557354007
960,419.0,2500.587112171838,2500.0,1.9744603803590168,2500.3975075978583,2500.7767167458173,383909.8407438444,419.0,52.14127385338884,49.54648132059083,10.940475990328531,51.09067577103936,53.19187193573832,419.0,2736.1026252983293,2716.0,304.30831675097056,2706.880337867308,2765.3249127293507,130.38379741000657,0.1358164556354235,1120.3837974100065,1.1670664556354235,416.0,2591.6466346153848,2592.0,0.723204529489125,2591.576934902953,2591.7163343278166,370420.86956521735,416.0,22.536143320189804,20.8001737619461,11.208304658141111,21.45592938392875,23.616357256450858,416.0,3430.192307692308,3376.0,214.0572191006871,3409.5622839480925,3450.8223314365227,58.40571999297988,0.060839291659354,1048.4057199929798,1.0920892916593539,0.07497716397606949,0.07497716397606968
976,432.0,2519.6550925925926,2519.0,1.9622946912846304,2519.469529450312,2519.840655734873,387354.6037587817,432.0,50.64361907520027,49.54648132059083,11.054518372918633,49.59825561639306,51.68898253400748,432.0,2750.488425925926,2716.0,276.67353651082203,2724.32496992264,2776.6518819292123,127.60445271014773,0.130742267121053,1117.6044527101478,1.145086529416135,465.0,2605.5935483870967,2606.0,1.326276747561937,2605.472686304134,2605.714410470059,374578.759839254,465.0,21.50431882514503,19.164205039096487,11.51171651774074,20.45526926639476,22.5533683838953,465.0,3440.206451612903,3384.0,208.5416324341185,3421.20229118653,3459.210612039276,56.03151439325709,0.0574093385176814,1046.031514393257,1.0717536008127635,0.0733329286033716,0.07333292860337148
992,425.0,2538.7482352941174,2538.0,1.9316512002948265,2538.5640632127547,2538.93240737548,390743.74772931176,425.0,52.67544334849487,51.41615986099032,11.365881579488732,51.591770443834406,53.75911625315534,425.0,2769.176470588235,2716.0,254.54482018457355,2744.907053145642,2793.4458880308284,133.72968884432663,0.1348081540769421,1123.7296888443266,1.1327920250446841,409.0,2620.4303178484106,2620.0,0.7006020846940954,2620.3622176968147,2620.4984180000065,378563.7775762394,409.0,22.219003779003696,20.099044309296342,11.087900537688192,21.14123406636079,23.2967734916466,409.0,3440.528117359413,3388.0,206.88965235505145,3420.4179621131984,3460.638272605628,58.22335113488969,0.0586928942892033,1048.2233511348898,1.0566767652569453,0.07611525978773881,0.07611525978773881
1008,418.0,2558.0,2557.0,2.0810899192006485,2557.799915647293,2558.200084352707,394057.8577013292,418.0,51.07733653698257,49.07906168549084,10.313131110787712,50.08579064382059,52.06888243014456,418.0,2776.6004784688994,2716.0,210.8581659288045,2756.32772655482,2796.873230382979,130.6558268616014,0.1296188758547633,1120.6558268616013,1.1117617329976204,413.0,2634.7530266343824,2635.0,0.7419613156688709,2634.6812584432773,2634.8247948254875,382578.5528321845,413.0,21.86912738265283,20.566463944396105,11.672533205958736,20.74007041416308,22.99818435114258,413.0,3427.186440677966,3376.0,251.08795621743013,3402.8992870953643,3451.473594260568,57.6197495612974,0.0571624499616045,1047.6197495612973,1.0393053071044616,0.07245642589315882,0.07245642589315882
1024,415.0,2577.043373493976,2576.0,2.0223505224188063,2576.8482309486203,2577.238516039332,397354.5849217325,415.0,52.61793516376536,50.481320590790574,10.867476845825088,51.56930038468931,53.666569942841406,415.0,2772.624096385542,2716.0,230.29411649951064,2750.4023402774765,2794.845852493608,135.5987011407172,0.1324206065827316,1125.5987011407171,1.0992174815827316,403.0,2649.3002481389576,2649.0,0.6777743339243729,2649.233875331464,2649.366620946452,386517.1570188486,403.0,22.089347271657186,20.099044309296232,11.175335893701122,20.99497355341136,23.18372098990301,403.0,3450.620347394541,3388.0,170.67347511356795,3433.9067051968823,3467.3339895922,58.52131320802898,0.0571497199297158,1048.521313208029,1.0239465949297157,0.07527088665301582,0.07527088665301584
1040,424.0,2596.438679245283,2596.0,2.017890233337756,2596.246056706808,2596.631301783758,400548.6470037879,424.0,52.29257167680274,50.24761077324064,10.763504690080904,51.26511559319759,53.320027760407896,424.0,2756.127358490566,2716.0,241.7618698396676,2733.049400975536,2779.205316005597,135.774455738857,0.1305523612873625,1125.774455738857,1.0824754382104393,409.0,2663.689486552568,2664.0,0.7335863960239916,2663.6181802492188,2663.760792855916,390435.899248152,409.0,22.08872055552841,20.099044309296232,11.393792323194043,20.981217450108048,23.19622366094877,409.0,3433.4669926650367,3376.0,217.75962532699083,3412.300250772272,3454.6337345578017,58.83749271515861,0.056574512226114,1048.8374927151585,1.008497589149191,0.07397784906124849,0.07397784906124838
1056,424.0,2615.5707547169814,2615.0,2.0593311581983684,2615.3741763359085,2615.767333098054,403735.9716213316,424.0,51.73806206252147,49.54648132059077,10.710168151425178,50.715697345780384,52.76042677926256,424.0,2769.2028301886794,2716.0,239.2107420113611,2746.368396682112,2792.0372636952466,135.3245620364633,0.1281482595042266,1125.3245620364632,1.0656482595042265,467.0,2677.6852248394,2678.0,1.1372808956475338,2677.5818090563507,2677.7886406224497,394370.4772331243,467.0,21.180014771625828,19.164205039096487,11.31988558285122,20.150669395246048,22.209360148005608,467.0,3437.404710920771,3388.0,225.848322138892,3416.867760749739,3457.941661091803,56.71341261586272,0.0537058831589609,1046.7134126158628,0.991205883158961,0.07444237634526568,0.07444237634526552
1072,427.0,2634.7096018735365,2634.0,2.0163595189518766,2634.5178066670187,2634.9013970800543,406875.9605376255,427.0,51.31216720212743,49.54648132059083,11.550139834835711,50.21352311901169,52.41081128524318,427.0,2758.864168618267,2716.0,252.55160827018867,2734.8415737341284,2782.8867635024053,135.19265962038548,0.1261125556160312,1125.1926596203855,1.0496200183025983,401.0,2692.4538653366585,2692.0,0.7269740516830355,2692.382496129409,2692.525234543908,398149.81188766233,401.0,22.483933519806044,21.03388357949609,10.9161952533713,21.412258128358644,23.555608911253444,401.0,3438.9027431421446,3376.0,206.8508472727544,3418.595579558405,3459.2099067258846,60.53695371337424,0.0564710389117297,1050.5369537133743,0.9799785015982969,0.06964151670430152,0.06964151670430141
1088,417.0,2653.8705035971225,2653.0,2.0621399419076942,2653.67200220016,2654.0690049940854,409967.2529331396,417.0,51.84098490104524,49.54648132059072,10.40782392805742,50.83912874808544,52.84284105400504,417.0,2775.834532374101,2716.0,237.57459143804977,2752.9656245347323,2798.703440213469,137.57926070630776,0.126451526384474,1127.5792607063077,1.0363779969727092,406.0,2706.871921182266,2707.0,0.787776839801718,2706.795063360799,2706.948779003733,401939.9630569887,406.0,22.779223891839603,21.03388357949609,11.61771516532205,21.64576548976958,23.912682293909626,406.0,3450.4433497536947,3388.0,170.42280173359066,3433.816400841585,3467.0702986658043,61.66044153914484,0.0566731999440669,1051.6604415391448,0.9665996705323022,0.06977832644040709,0.06977832644040693
1104,423.0,2672.9125295508275,2672.0,1.998674675440679,2672.7215145957016,2673.1035445059533,413032.595640353,423.0,51.94877514259362,50.48132059079046,12.305545501587636,50.772724207107984,53.12482607807925,423.0,2777.0874704491725,2716.0,232.68337702157496,2754.8497319285298,2799.325208969816,138.85453197345706,0.1257740325846531,1128.8545319734571,1.0225131630194357,413.0,2721.302663438257,2721.0,0.6987628982047968,2721.235073729526,2721.370253146988,405688.060660309,413.0,22.416902451389777,20.099044309296232,10.623981748467465,21.38926942481661,23.444535477962937,413.0,3452.5617433414045,3388.0,176.67828858999428,3435.4720637154305,3469.6514229673785,61.003176347002594,0.0552565003143139,1051.0031763470026,0.9519956307490965,0.07051753227033922,0.07051753227033919
1120,417.0,2692.0383693045565,2691.0,1.9595587287354304,2691.849742365531,2692.226996243582,416041.6184147232,417.0,52.08534336735648,51.41615986099032,11.132451237391445,51.01373465771651,53.15695207699645,417.0,2762.702637889688,2716.0,268.52110613532824,2736.85482145459,2788.550454324786,140.21574282332622,0.125192627520827,1130.2157428233263,1.0091211989493984,410.0,2735.6463414634145,2736.0,0.7362754218426615,2735.574861631397,2735.717821295432,409409.6459123674,410.0,22.10324850077345,20.099044309296232,11.56725008881476,20.98026507810299,23.226231923443912,410.0,3443.521951219512,3380.0,193.56585848427804,3424.729995603111,3462.3139068359133,60.46667089559759,0.0539880990139264,1050.4666708955976,0.9379166704424979,0.0712045285069006,0.07120452850690051
1136,402.0,2711.375621890548,2711.0,2.0372351162840423,2711.175870877843,2711.575372903252,418975.51590727473,402.0,51.99985303715995,49.78019113814071,10.377773432741172,50.98231179401313,53.017394280306775,402.0,2746.7064676616915,2716.0,311.88206481309567,2716.126414435256,2777.286520888127,140.99113386684664,0.1241119136151819,1130.9911338668467,0.9955907868546185,479.0,2749.686847599165,2750.0,1.3121791417929023,2749.569039674364,2749.804655523966,413137.9545972211,479.0,21.92188330379864,19.164205039096487,11.557771919397757,20.884222300217328,22.959544307379947,479.0,3439.640918580376,3388.0,197.28051857281667,3421.929001238787,3457.352835921965,60.27831419505885,0.0530618962984673,1050.2783141950588,0.9245407695379039,0.07105001731671459,0.07105001731671468
1152,413.0,2730.365617433414,2730.0,1.982809475566013,2730.173824887951,2730.5574099788773,421921.5158015716,413.0,51.5598942282003,49.54648132059072,10.73757076483137,50.52127400045952,52.59851445594108,413.0,2760.757869249395,2716.0,263.2468561062369,2735.294613581119,2786.2211249176707,140.77736243918164,0.1222025715617896,1130.7773624391816,0.9815775715617896,394.0,2764.532994923858,2765.0,0.7717516937583947,2764.456555552639,2764.609434295077,416706.9093099136,394.0,20.853559253264653,19.164205039096373,10.735291657777903,19.790265254936457,21.916853251592848,394.0,3436.05076142132,3378.0,220.00036424195832,3414.260476221289,3457.8410466213504,57.65035261724986,0.0500437088691405,1047.6503526172498,0.9094187088691404,0.0721588626926491,0.07215886269264915
1168,407.0,2749.697788697789,2749.0,2.0748482108574944,2749.4956107432804,2749.8999666522973,424773.953268932,407.0,51.79859410789034,49.54648132059083,10.955444497077949,50.73107054276382,52.86611767301686,407.0,2779.39312039312,2716.0,237.48093571779967,2756.252434936253,2802.5338058499874,142.43047967612037,0.1219439038322948,1132.4304796761203,0.9695466435583222,411.0,2778.8710462287104,2779.0,0.7748571073959921,2778.795912885384,2778.9461795720367,420314.5740012398,411.0,21.829975415432685,20.099044309296232,11.34832052001606,20.729595418053748,22.930355412811625,411.0,3425.683698296837,3376.0,248.30839833728103,3401.606691110653,3449.760705483021,60.66268662183045,0.0519372316967726,1050.6626866218305,0.8995399714228001,0.0700066721355222,0.07000667213552214
1184,462.0,2768.861471861472,2768.0,2.126750497138932,2768.66703198266,2769.055911740284,427612.5808504285,462.0,48.9333724485766,49.54648132059083,17.33758004432375,47.34827021526724,50.51847468188596,462.0,2791.720779220779,2730.0,219.34295980072403,2771.667172284173,2811.7743861573854,135.4897296611114,0.1144338932948576,1125.4897296611114,0.9505825419435062,405.0,2793.3555555555554,2793.0,0.7154587256570514,2793.2856666606526,2793.425444450458,423862.9764281907,405.0,21.059274275723737,19.164205039096373,10.81821827226502,20.00250706784556,22.11604148360192,405.0,3434.5975308641973,3376.0,209.5248951247956,3414.130293761979,3455.064767966416,58.82604079406109,0.0496841560760651,1048.826040794061,0.8858328047247138,0.06474973721879251,0.0647497372187924
1200,418.0,2787.653110047847,2787.0,1.932122102765434,2787.467348059998,2787.838872035696,430469.6289774029,418.0,52.561226144105966,50.481320590790574,10.54602519418371,51.54728887732017,53.57516341089176,418.0,2749.344497607656,2716.0,271.88422557392704,2723.204454939007,2775.4845402763035,146.5224655285452,0.122102054607121,1136.5224655285451,0.9471020546071209,402.0,2807.7562189054725,2808.0,0.7169300246121096,2807.685923878006,2807.8265139329387,427387.5316952507,402.0,21.407121646329603,20.099044309296232,10.655143963781244,20.362384207698653,22.45185908496056,402.0,3450.885572139304,3388.0,198.23347488349447,3431.4487692669377,3470.322375011669,60.1059789313479,0.0500883157761232,1050.1059789313479,0.8750883157761232,0.07201373883099779,0.07201373883099771
1216,422.0,2807.011848341232,2806.0,2.097923845497152,2806.81110927228,2807.2125874101844,433200.87897690193,422.0,51.25666121773356,49.54648132059066,10.789196943477318,50.22430088977036,52.28902154569676,422.0,2776.914691943128,2716.0,225.36043934575983,2755.351161469845,2798.47822241641,143.87805534459062,0.1183207691978541,1133.8780553445906,0.9324655060399594,471.0,2821.7983014862,2822.0,1.2410004896436015,2821.6859369156323,2821.9106660567672,430930.8710546572,471.0,22.698135656062025,21.03388357949609,11.605818108687592,21.647303864494376,23.74896744762968,471.0,3443.711252653928,3388.0,229.3692031228113,3422.943354312701,3464.479150995154,64.04956064117917,0.0526723360536012,1054.0495606411791,0.8668170728957065,0.0656484331442529,0.06564843314425284
1232,418.0,2826.1985645933014,2825.0,2.01464609643958,2826.004868416879,2826.392260769724,435921.2460987463,418.0,52.498605331748095,49.54648132059083,11.057716555477692,51.43547200002264,53.56173866347355,418.0,2774.495215311005,2716.0,239.6244588351028,2751.456756330242,2797.5336742917675,148.3714830317367,0.1204313985647213,1138.3714830317367,0.9240028271361499,393.0,2836.643765903308,2837.0,0.6890677421140863,2836.5754287801424,2836.712103026473,434316.079730822,393.0,21.670192751960347,19.63162467419636,11.233975788190154,20.55608228044168,22.78430322347901,393.0,3440.0101781170483,3376.0,186.06702736286152,3421.557296653013,3458.463059581084,61.47061717577135,0.0498949814738403,1051.4706171757714,0.853466410045269,0.07053641709088102,0.07053641709088088
1248,403.0,2845.359801488834,2844.0,2.1176989202231264,2845.1524203359545,2845.5671826417133,438608.8533854257,403.0,51.64349050237895,49.54648132059083,10.346949995857278,50.6302386191982,52.65674238555969,403.0,2764.6600496277915,2716.0,229.95008341525795,2742.141592000049,2787.178507255533,146.94431188403942,0.1177438396506726,1136.9443118840395,0.9110130704199034,412.0,2850.9611650485435,2851.0,0.7631708739932863,2850.8872552436587,2851.0350748534283,437747.1062390814,412.0,21.611351041306413,20.099044309296342,11.132834813941647,20.533184044960368,22.68951803765246,412.0,3427.2912621359224,3376.0,232.98541169906585,3404.7276307049183,3449.8548935669264,61.61312254299599,0.0493694892171442,1051.613122542996,0.8426387199863751,0.06837435043352841,0.06837435043352835
1264,411.0,2864.4306569343066,2864.0,1.917044042286888,2864.2447724314407,2864.6165414371726,441274.42811019626,411.0,52.31801818370143,50.481320590790574,10.720098372706689,51.27855319868845,53.3574831687144,411.0,2749.2019464720192,2716.0,262.4214086226943,2723.756483557652,2774.6474093863862,149.86133519544086,0.1185611829077854,1139.861335195441,0.9017890310090514,405.0,2865.4148148148147,2865.0,0.7550344414003708,2865.3410600043267,2865.4885696253027,441122.86760885245,405.0,22.85047248232884,21.501303214595964,11.098135303979928,21.766361849443108,23.93458311521456,405.0,3425.777777777778,3376.0,224.99672164828368,3403.799190238314,3447.756365317241,65.47608237638329,0.0518006980825817,1055.4760823763834,0.8350285461838476,0.0667604848252037,0.0667604848252038
1280,419.0,2883.5346062052504,2883.0,2.028651359837371,2883.3397977499067,2883.729414660594,443899.6491477825,419.0,52.11896265362274,50.481320590790574,11.283454214766628,51.03542886854873,53.20249643869675,419.0,2762.525059665871,2716.0,242.1559982336977,2739.271169469627,2785.7789498621155,150.2868324512402,0.1174115878525314,1140.2868324512401,0.8908490878525314,401.0,2879.837905236908,2880.0,0.7390261165868944,2879.7653528425617,2879.910457631254,444469.46047635336,401.0,20.754131179436293,19.164205039096373,11.195514046273,19.655034230406446,21.85322812846614,401.0,3439.1820448877806,3380.0,227.9244815214197,3416.806019882229,3461.558069893332,59.76853366079981,0.0466941669224998,1049.7685336608,0.8201316669225,0.07071742093003161,0.07071742093003142
1296,449.0,2902.652561247216,2902.0,2.024294164114956,2902.464814071836,2902.840308422596,446488.1595898383,449.0,47.51023899040048,48.611642050390856,17.22930688544866,45.912272766499086,49.10820521430188,449.0,2780.398663697105,2716.0,196.587912218308,2762.165728046196,2798.631599348014,137.9057168909533,0.1064087321689454,1127.9057168909533,0.8702976210578344,473.0,2893.767441860465,2894.0,1.4040035104342814,2893.640588852564,2893.8942948683666,447859.0716214479,473.0,21.750330166065726,20.099044309296232,11.512085742424128,20.71020263590451,22.790457696226945,473.0,3454.3509513742074,3388.0,215.2654340126644,3434.901521512549,3473.8003812358656,62.94039728427652,0.0485651213613244,1052.9403972842765,0.8124540102502134,0.05784361080762101,0.057843610807621015
1312,408.0,2922.024509803922,2921.0,2.0734396767858336,2921.82271833334,2922.226301274504,449003.7628356649,408.0,52.03251222296039,50.01390095569059,10.927496097715505,50.96902552883235,53.09599891708844,408.0,2779.6029411764707,2716.0,213.4817352691783,2758.82645378467,2800.379428568272,152.0402760221624,0.1158843567242091,1142.0402760221623,0.8704575274559164,407.0,2908.6339066339065,2909.0,0.7301597241620462,2908.562758200627,2908.705055067186,451070.86079400993,407.0,22.42925177764448,20.099044309296232,11.252650163991708,21.332767812672543,23.525735742616405,407.0,3447.174447174448,3388.0,219.6438373959897,3425.771849368619,3468.577044980276,65.23848222088554,0.0497244529122603,1055.2384822208855,0.8042976236439676,0.0661599038119488,0.0661599038119488
1328,415.0,2940.944578313253,2940.0,1.955868971291759,2940.7558507681465,2941.133305858359,451555.602166995,415.0,52.70916646603787,50.481320590790574,10.590917484112074,51.6872177125486,53.73111521952714,415.0,2776.3253012048194,2716.0,200.18994050902776,2757.008385510669,2795.6422168989693,155.0147373457048,0.1167279648687536,1145.0147373457048,0.862209892579597,474.0,2922.6413502109704,2923.0,1.3616846423653517,2922.518451266073,2922.764249155867,454383.4979629432,474.0,22.56926833023568,20.56646394439622,11.605917723156654,21.52177539511765,23.61676126535371,474.0,3453.4852320675104,3388.0,170.2867274595673,3438.1159912876656,3468.854472847356,65.9618768659537,0.0496700880014711,1055.9618768659536,0.7951520157123145,0.0670578768672825,0.06705787686728248
1344,412.0,2960.0485436893205,2959.0,1.932579637181265,2959.8613816935267,2960.235705685114,454046.6077373436,412.0,51.07240221673002,49.54648132059072,11.735224093540856,49.93589641889532,52.20890801456472,412.0,2788.6844660194174,2716.0,192.6169691115985,2770.030344000804,2807.3385880380306,151.17678980434692,0.1124827305091867,1141.176789804347,0.8490898733663296,422.0,2937.46682464455,2938.0,0.7245861215633549,2937.3974928889047,2937.536156400195,457537.0821975604,422.0,21.19892037008823,20.099044309296232,11.135757807573835,20.13339949373648,22.26444124643999,422.0,3437.0805687203792,3388.0,238.3255286919115,3414.2764784575606,3459.884658983198,62.27112530541574,0.0463326825189105,1052.2711253054158,0.7829398253760534,0.0661500479902762,0.06615004799027613
1360,413.0,2979.309927360775,2979.0,2.039851328237594,2979.112617289671,2979.507237431879,456481.5454445713,413.0,51.62100962843129,49.07906168549084,10.33281638808409,50.62154034946313,52.620478907399445,413.0,2768.2033898305085,2716.0,234.69012266774573,2745.502360520225,2790.9044191407925,153.7949864463715,0.1130845488576261,1143.7949864463715,0.8410257253282143,423.0,2951.917257683215,2952.0,0.7759782373953586,2951.843096815508,2951.9914185509224,460717.52060807537,423.0,21.47367794065393,20.099044309296232,10.990581771140777,20.42329915234147,22.524056728966382,423.0,3435.725768321513,3388.0,231.6502521274765,3413.586766382521,3457.864770260505,63.38852049894769,0.0466092062492262,1053.3885204989476,0.7745503827198145,0.0664753426083999,0.06647534260839982
1376,409.0,2998.6601466992665,2998.0,2.113078086118547,2998.4547505961964,2998.8655428023367,458871.6068790299,409.0,51.99786302545459,49.54648132059083,10.47207845331369,50.97995265125538,53.0157733996538,409.0,2777.970660146699,2716.0,222.07965167048232,2756.384001648892,2799.5573186445067,155.92391956795805,0.1133168020115974,1145.9239195679581,0.832793546197644,397.0,2966.3879093199,2966.0,0.6858268708696529,2966.320239237378,2966.455579402421,463863.8108242135,397.0,21.458917554989963,19.164205039096487,9.928888996658028,20.47924066233813,22.43859444764179,397.0,3434.045340050378,3388.0,249.11424493592835,3409.465402710331,3458.625277390425,63.65547358221477,0.0462612453359118,1053.6554735822147,0.7657379895219584,0.06705555667568561,0.06705555667568563
1392,398.0,3017.824120603015,3017.0,2.1089281495769896,3017.616297245509,3018.031943960521,461259.485102748,398.0,50.995717073639234,49.54648132059072,10.01575211034321,50.00871937438805,51.98271477289042,398.0,2780.037688442211,2716.0,201.911672552706,2760.14039525185,2799.9349816325725,153.8961050322755,0.1105575467185887,1143.8961050322755,0.8217644432703128,415.0,2980.710843373494,2981.0,0.7822011627348563,2980.635366484505,2980.786320262482,467002.6960497011,415.0,22.25931144211947,20.099044309296232,11.616997307355003,21.13835323095888,23.380269653280056,415.0,3442.660240963856,3388.0,190.8881295543877,3424.240884345635,3461.079597582076,66.34857098155318,0.0476642032913456,1056.3485709815532,0.7588710998430698,0.06289334342724309,0.06289334342724306
1408,418.0,3036.602870813397,3036.0,1.902967866963408,3036.419911831005,3036.7858297957896,463676.04191286536,418.0,50.78883350861946,48.61164205039108,10.73926782667893,49.75631711813436,51.82134989910456,418.0,2782.8588516746413,2716.0,233.4991292033573,2760.4093065140733,2805.3083968352094,154.2255176375375,0.1095351687766601,1144.2255176375375,0.8126601687766601,459.0,2994.7581699346406,2995.0,1.2883055310619616,2994.639999236045,2994.8763406332364,470154.8238970925,459.0,21.092947498528314,19.164205039096373,10.845735573306037,20.09811504723409,22.08777994982254,459.0,3445.289760348584,3388.0,208.6109836350279,3426.1547763897897,3464.424744307378,63.16827684922011,0.0448638329895029,1053.16827684922,0.7479888329895029,0.0646713357871572,0.06467133578715722
1424,420.0,3056.004761904762,3055.0,2.0518287298146456,3055.8079638281865,3056.201559981337,465967.86030936753,420.0,50.12741715278635,48.61164205039108,12.583923364787935,48.92044900872386,51.33438529684884,420.0,2777.6880952380952,2716.0,232.70166987162133,2755.36886343229,2800.0073270439007,153.18962552090153,0.1075769842141162,1143.1896255209015,0.8028017033152398,418.0,3009.5502392344497,3010.0,0.7320104310505408,3009.4798608082606,3009.620617660639,473160.4016559724,418.0,22.04476240755905,20.332754126846226,10.8723837996134,20.999447712188704,23.090077102929406,418.0,3444.842105263158,3376.0,201.9064506587632,3425.430007249181,3464.254203277136,66.34481997753595,0.0465904634673707,1056.344819977536,0.7418151825684943,0.060986520746745494,0.06098652074674549
1440,413.0,3075.0508474576272,3074.0,1.9383284031657293,3074.8633574627647,3075.2383374524898,468284.93948012433,413.0,52.5298182651994,50.481320590790574,11.003813288487295,51.46544501784086,53.594191512557934,413.0,2770.1065375302665,2716.0,250.95368249565067,2745.8323719322425,2794.3807031282904,161.53186217319654,0.112174904286942,1151.5318621731965,0.799674904286942,474.0,3023.6476793248944,3024.0,1.2526187766828687,3023.5346241275142,3023.7607345222746,476245.9627311858,474.0,21.694582219827183,19.164205039096373,11.335443490444067,20.671500955949305,22.717663483705067,474.0,3423.9071729957805,3388.0,262.9373671013817,3400.175742101032,3447.6386038905293,65.59677318290359,0.0455533147103497,1055.5967731829037,0.7330533147103497,0.06662158957659231,0.06662158957659225
1456,420.0,3094.2214285714285,3093.0,2.050907676612579,3094.0247188362905,3094.4181383065666,470554.55907440366,420.0,51.76672458731534,49.54648132059083,11.05991221304953,50.70592968811631,52.82751948651436,420.0,2765.038095238095,2716.0,231.85599282582945,2742.799975278321,2787.276215197869,160.17770850502657,0.110012162434771,1150.1777085050267,0.789957217379826,404.0,3038.3985148514853,3038.0,0.743606510500538,3038.325785981601,3038.47124372137,479199.81295513775,404.0,20.90314491918349,19.16420503909643,10.897713081947572,19.83728771435516,21.96900212401182,404.0,3428.4851485148515,3376.0,199.2666512240629,3408.995757090057,3447.974539939646,63.51208447817248,0.0436209371416019,1053.5120844781725,0.723565992086657,0.0663912252931691,0.0663912252931691
1472,418.0,3113.437799043062,3113.0,2.021991073661184,3113.2433966909966,3113.632201395128,472789.2750747839,418.0,52.16201846532447,50.24761077324058,10.827468322390091,51.12102212453546,53.20301480611349,418.0,2765.306220095694,2716.0,226.21960852269743,2743.556557323661,2787.0558828677267,162.4031999643234,0.1103282608453283,1152.4031999643234,0.7828826086714153,417.0,3052.781774580336,3053.0,0.7323918383167966,3052.711274610825,3052.8522745498462,482183.1721667544,417.0,23.22862613471342,21.03388357949609,12.019775696928674,22.071603656008563,24.38564861341828,417.0,3437.4676258992804,3388.0,237.93057029547285,3414.564451568559,3460.370800230002,70.9119265125936,0.0481738631199684,1060.9119265125937,0.7207282109460555,0.062154397725359904,0.0621543977253598
1488,408.0,3132.558823529412,3132.0,2.062052265626939,3132.358140305416,3132.7595067534075,475011.0321387327,408.0,53.59630585509614,51.41615986099032,10.720800303762823,52.55293522640845,54.63967648378383,408.0,2781.0416666666665,2716.0,233.043406295596,2758.3613966822686,2803.7219366510644,167.8935808149625,0.1128317075369371,1157.8935808149624,0.7781542881820984,411.0,3067.287104622871,3067.0,0.7090386045102863,3067.218353313248,3067.3558559324943,485119.2435678278,411.0,21.817465400867963,19.63162467419636,11.664083081924728,20.68646776218848,22.948463039547445,411.0,3422.880778588808,3380.0,240.63062046980843,3399.548240434388,3446.213316743228,66.92043027963797,0.0449734074459932,1056.920430279638,0.7102959880911545,0.0678583000909439,0.06785830009094396
1504,412.0,3151.78640776699,3151.0,2.103874240812904,3151.582656628236,3151.9901589057445,477189.6967045966,412.0,54.39085472320392,51.649869678540426,11.458385518936907,53.281159546333406,55.50054990007444,412.0,2764.507281553398,2716.0,235.54156150764183,2741.696098047169,2787.3184650596268,171.4283566234231,0.1139816200953611,1161.428356623423,0.7722263009464249,403.0,3081.6352357320097,3082.0,0.7970400038111458,3081.5571835248224,3081.713287939197,488052.5711028031,403.0,22.62519806921589,21.03388357949609,10.83813455912418,21.5638456652132,23.68655047321859,403.0,3445.191066997518,3388.0,218.27676693748143,3423.815749126788,3466.5663848682493,69.72260758551153,0.0463581167456858,1059.7226075855115,0.7046027975967496,0.06762350334967529,0.06762350334967526
1520,413.0,3170.898305084746,3170.0,2.0818965480528737,3170.6969280773924,3171.0996820921,479359.4287027683,413.0,53.34355850160821,51.41615986099032,11.01973273386282,52.27764540335196,54.40947159986445,413.0,2765.6682808716705,2716.0,245.3453557311276,2741.936595667861,2789.39996607548,169.14699923993845,0.111280920552591,1159.1469992399384,0.7625967100262753,466.0,3095.635193133048,3096.0,1.3279322050142597,3095.5143107819194,3095.756075484175,491013.9293453471,466.0,21.856381649843573,20.099044309296232,10.588288845416988,20.89252427427568,22.82023902541147,466.0,3435.047210300429,3388.0,224.883859924554,3414.5759169499192,3455.518503650939,67.65938422980311,0.0445127527827652,1057.6593842298032,0.6958285422564495,0.0667681677698258,0.06676816776982575
1536,417.0,3189.9304556354914,3189.0,1.964213003874468,3189.741380676378,3190.119530594605,481515.19958261953,417.0,53.08743726131168,51.41615986099043,10.536595761873963,52.07318554373349,54.10168897888987,417.0,2783.470023980816,2716.0,227.37509184725468,2761.5829190132845,2805.357128948346,169.34523293149653,0.1102508026897763,1159.3452329314964,0.7547820526897763,399.0,3110.471177944862,3111.0,0.7391060510428988,3110.398434965854,3110.5439209238702,493815.8600829279,399.0,47.820894547402325,46.27454387489138,11.216238083098697,46.71698994497624,48.92479914982842,399.0,3429.7243107769423,3376.0,260.4285493799101,3404.092876054026,3455.3557454998586,148.74551419323555,0.0968395274695543,1138.7455141932355,0.7413707774695544,0.013411275220221994,0.013411275220221897
1552,421.0,3209.254156769596,3208.0,2.0223779177076286,3209.060415268868,3209.4478982703245,483601.4613321333,421.0,52.20444475628955,49.54648132059083,11.197106170646416,51.13177474030455,53.277114772274544,421.0,2787.5130641330165,2716.0,187.00484573647304,2769.598212937689,2805.427915328344,167.53733133597098,0.1079493114278163,1157.537331335971,0.7458359093659607,402.0,3124.92039800995,3125.0,0.7261635882525098,3124.8491976310725,3124.991598388828,496652.651052604,402.0,47.45820852298019,45.80712423979139,11.004675026316292,46.37919954487159,48.5372175010888,402.0,3428.3084577114428,3376.0,229.99638808420443,3405.757299491692,3450.859615931194,148.3031238664705,0.095556136511901,1138.3031238664705,0.7334427344500455,0.012393174915915309,0.012393174915915184
1568,405.0,3228.2246913580248,3227.0,2.006519748479689,3228.0286864135146,3228.420696302535,485715.8809910428,405.0,53.33315742617794,50.481320590790574,10.885247298097644,52.26984255262199,54.39647229973389,405.0,2763.249382716049,2716.0,263.22260189689354,2737.53673696826,2788.9620284638386,172.17141567127223,0.109803198769944,1162.1714156712721,0.7411807497903521,478.0,3138.832635983264,3139.0,1.26110237512557,3138.719294774751,3138.9459771917764,499548.7755621643,478.0,48.40629032785748,47.20938314509118,10.979241541209394,47.419534193398,49.39304646231695,478.0,3447.606694560669,3388.0,182.1143353776892,3431.239221731836,3463.974167389503,151.93924386796004,0.0969000279770153,1141.9392438679602,0.7282775789974236,0.0129031707929287,0.012903170792928464
1584,409.0,3247.3007334963327,3247.0,1.922525006818099,3247.113859595624,3247.4876073970413,487789.7460068396,409.0,52.52128158994301,50.48132059079046,10.65364976554828,51.485722062024735,53.55684111786128,409.0,2782.354523227384,2716.0,184.7883102186414,2764.392669824464,2800.316376630304,170.55239623118936,0.10767196731767,1160.5523962311893,0.73267196731767,394.0,3153.7258883248733,3154.0,0.7316820509136792,3153.653417715017,3153.798358934729,502263.0552211227,394.0,48.62113280440311,46.27454387489138,10.826011249840311,47.548853340114064,49.69341226869216,394.0,3418.0812182741115,3388.0,277.82758397034127,3390.5633443287256,3445.5990922194974,153.33772524492784,0.0968041194728079,1143.337725244928,0.721804119472808,0.010867847844862097,0.010867847844862055
1600,406.0,3266.536945812808,3266.0,2.00305064426146,3266.341522310837,3266.732369314779,489815.3691636493,406.0,52.843746923857125,50.48132059079063,10.619785688324583,51.80764945156376,53.87984439615049,406.0,2767.620689655173,2704.0,217.6557003998752,2746.385560469611,2788.855818840734,172.6160516819612,0.1078850323012257,1162.6160516819612,0.7266350323012257,455.0,3167.606593406593,3168.0,1.3606977186187346,3167.481232140199,3167.731954672988,505113.2307056113,455.0,48.11443083415276,46.27454387489138,10.790532382936666,47.12029761405364,49.108564054251886,455.0,3449.4505494505493,3396.0,190.5613469582519,3431.8941065657104,3467.006992335388,152.40758834826778,0.0952547427176673,1142.4075883482678,0.7140047427176675,0.012630289583558399,0.012630289583558274
